{
  "accuracy": [
    0.546145498752594,
    0.5374592542648315,
    0.5711183547973633,
    0.6004343032836914,
    0.640608012676239,
    0.616720974445343,
    0.6004343032836914,
    0.6080347299575806,
    0.6134636402130127,
    0.6297502517700195,
    0.6471226811408997,
    0.6460369229316711
  ],
  "loss": [
    1.4417674541473389,
    1.8112634420394897,
    1.721924066543579,
    2.031059980392456,
    1.993902325630188,
    2.5106966495513916,
    2.70695161819458,
    2.0611932277679443,
    2.1097488403320312,
    1.9556236267089844,
    1.8914846181869507,
    1.6590821743011475
  ],
  "val_accuracy": [
    0.5358490347862244,
    0.5358490347862244,
    0.5358490347862244,
    0.5358490347862244,
    0.5358490347862244,
    0.5358490347862244,
    0.43018868565559387,
    0.4830188751220703,
    0.47924527525901794,
    0.5509433746337891,
    0.5358490347862244,
    0.6000000238418579
  ],
  "val_loss": [
    1.8604755401611328,
    1.1379733085632324,
    3.110351800918579,
    7.399672508239746,
    5.423626899719238,
    7.399676322937012,
    1.6466736793518066,
    6.25030517578125,
    5.3689703941345215,
    1.672444224357605,
    6.593092918395996,
    1.3230109214782715
  ],
  "learning_rate": [
    0.0010000000474974513,
    0.0010000000474974513,
    0.0010000000474974513,
    0.0010000000474974513,
    0.0010000000474974513,
    0.0010000000474974513,
    0.0010000000474974513,
    0.0005000000237487257,
    0.0005000000237487257,
    0.0005000000237487257,
    0.0005000000237487257,
    0.0005000000237487257
  ]
}