{
  "hyperparameters": {
    "tile_h": 150,
    "tile_w": 150,
    "overlap": 0.8,
    "entropy_threshold": 3.0,
    "architecture": "3layer",
    "learning_rate": 0.001
  },
  "fold": 4,
  "metrics": {
    "accuracy": 0.5117117117117117,
    "f1": 0.20527859237536658,
    "precision": 0.7446808510638298,
    "recall": 0.11904761904761904,
    "auc": 0.6596945291526572,
    "val_accuracy": 0.5117117117117117,
    "val_f1": 0.20527859237536658,
    "val_precision": 0.7446808510638298,
    "val_recall": 0.11904761904761904,
    "val_auc": 0.6596945291526572
  },
  "model_path": "models/saved/cnn_150x150_overlap0.8_entropy3.0_3layer_fold4.h5",
  "history_path": "models/saved/cnn_150x150_overlap0.8_entropy3.0_3layer_fold4_history.json"
}