{
  "accuracy": [
    0.5830000042915344,
    0.6069999933242798,
    0.6019999980926514,
    0.6389999985694885,
    0.6800000071525574,
    0.6919999718666077,
    0.7310000061988831,
    0.7149999737739563,
    0.7480000257492065,
    0.7879999876022339,
    0.7889999747276306,
    0.7900000214576721
  ],
  "loss": [
    1.1349682807922363,
    0.9880692958831787,
    1.1421374082565308,
    1.1185460090637207,
    1.0701664686203003,
    1.0449377298355103,
    0.959695041179657,
    1.1126304864883423,
    1.027126431465149,
    0.8789998292922974,
    0.8672268390655518,
    0.8189519047737122
  ],
  "val_accuracy": [
    0.7231638431549072,
    0.700564980506897,
    0.31073445081710815,
    0.33898305892944336,
    0.2598870098590851,
    0.700564980506897,
    0.700564980506897,
    0.700564980506897,
    0.700564980506897,
    0.700564980506897,
    0.32768362760543823,
    0.700564980506897
  ],
  "val_loss": [
    0.6774432063102722,
    0.633671760559082,
    0.7503674030303955,
    0.7564324140548706,
    0.895280122756958,
    1.177621841430664,
    4.773708343505859,
    4.231544017791748,
    1.724014401435852,
    1.154306411743164,
    2.3775389194488525,
    3.072864294052124
  ],
  "learning_rate": [
    0.0010000000474974513,
    0.0010000000474974513,
    0.0010000000474974513,
    0.0010000000474974513,
    0.0010000000474974513,
    0.0010000000474974513,
    0.0010000000474974513,
    0.0005000000237487257,
    0.0005000000237487257,
    0.0005000000237487257,
    0.0005000000237487257,
    0.0005000000237487257
  ]
}