{
  "accuracy": [
    0.5672797560691833,
    0.6515004634857178,
    0.6476282477378845,
    0.6766698956489563,
    0.6650532484054565,
    0.7057115435600281,
    0.7299128770828247,
    0.7289448380470276,
    0.7260406613349915,
    0.7531461715698242,
    0.7347531318664551
  ],
  "loss": [
    0.8447190523147583,
    0.7122507095336914,
    0.7534249424934387,
    0.6562283039093018,
    0.6873419880867004,
    0.6156426072120667,
    0.5974438786506653,
    0.5848104357719421,
    0.5914931893348694,
    0.5323987603187561,
    0.547202467918396
  ],
  "val_accuracy": [
    0.5024154782295227,
    0.5024154782295227,
    0.5024154782295227,
    0.5024154782295227,
    0.5024154782295227,
    0.5024154782295227,
    0.5024154782295227,
    0.5024154782295227,
    0.5024154782295227,
    0.5024154782295227,
    0.5024154782295227
  ],
  "val_loss": [
    0.7120092511177063,
    0.8511002659797668,
    1.1649833917617798,
    1.1827008724212646,
    1.6431958675384521,
    3.108840227127075,
    3.375908851623535,
    3.772489309310913,
    7.45059871673584,
    7.7285308837890625,
    7.77197265625
  ],
  "learning_rate": [
    0.0010000000474974513,
    0.0010000000474974513,
    0.0010000000474974513,
    0.0010000000474974513,
    0.0010000000474974513,
    0.0010000000474974513,
    0.0005000000237487257,
    0.0005000000237487257,
    0.0005000000237487257,
    0.0005000000237487257,
    0.0005000000237487257
  ]
}