{
  "accuracy": [
    0.5663026571273804,
    0.5585023164749146,
    0.5897035598754883,
    0.5772230625152588,
    0.6115444898605347,
    0.5990639328956604,
    0.5990639328956604,
    0.6333853602409363,
    0.6552262306213379,
    0.6333853602409363,
    0.6224648952484131
  ],
  "loss": [
    1.1797910928726196,
    1.1823898553848267,
    1.2350343465805054,
    1.2125037908554077,
    1.3108787536621094,
    1.5684633255004883,
    1.9412657022476196,
    1.7029187679290771,
    1.5212255716323853,
    1.753516435623169,
    1.732749581336975
  ],
  "val_accuracy": [
    0.5044642686843872,
    0.5044642686843872,
    0.5044642686843872,
    0.3705357015132904,
    0.5044642686843872,
    0.5044642686843872,
    0.3482142984867096,
    0.5044642686843872,
    0.4910714328289032,
    0.5044642686843872,
    0.3883928656578064
  ],
  "val_loss": [
    0.7130299210548401,
    2.1151349544525146,
    7.900021076202393,
    1.553162693977356,
    5.863794803619385,
    7.900069236755371,
    1.8732420206069946,
    5.717474937438965,
    3.181166410446167,
    2.037757158279419,
    2.21977162361145
  ],
  "learning_rate": [
    0.0010000000474974513,
    0.0010000000474974513,
    0.0010000000474974513,
    0.0010000000474974513,
    0.0010000000474974513,
    0.0010000000474974513,
    0.0005000000237487257,
    0.0005000000237487257,
    0.0005000000237487257,
    0.0005000000237487257,
    0.0005000000237487257
  ]
}