{
  "accuracy": [
    0.5274621248245239,
    0.5492424368858337,
    0.5975378751754761,
    0.6467803120613098,
    0.625,
    0.6420454382896423,
    0.6420454382896423,
    0.6278409361839294,
    0.6846590638160706,
    0.6325757503509521,
    0.6666666865348816
  ],
  "loss": [
    1.648870825767517,
    1.166378140449524,
    1.2566157579421997,
    1.2006957530975342,
    1.3945473432540894,
    1.573551893234253,
    1.955040693283081,
    2.33781099319458,
    1.9843275547027588,
    2.241577386856079,
    2.2091550827026367
  ],
  "val_accuracy": [
    0.5436241626739502,
    0.5436241626739502,
    0.4563758373260498,
    0.5436241626739502,
    0.5436241626739502,
    0.5436241626739502,
    0.5436241626739502,
    0.5436241626739502,
    0.5436241626739502,
    0.5436241626739502,
    0.5436241626739502
  ],
  "val_loss": [
    0.7177267670631409,
    0.8478579521179199,
    1.1101369857788086,
    1.2166132926940918,
    2.6382358074188232,
    2.8497154712677,
    6.743106842041016,
    7.275719165802002,
    6.996601581573486,
    7.275719165802002,
    7.275719165802002
  ],
  "learning_rate": [
    0.0010000000474974513,
    0.0010000000474974513,
    0.0010000000474974513,
    0.0010000000474974513,
    0.0010000000474974513,
    0.0010000000474974513,
    0.0005000000237487257,
    0.0005000000237487257,
    0.0005000000237487257,
    0.0005000000237487257,
    0.0005000000237487257
  ]
}