{
  "hyperparameters": {
    "tile_h": 200,
    "tile_w": 200,
    "overlap": 0.6,
    "entropy_threshold": 2.5,
    "architecture": "3layer",
    "learning_rate": 0.001,
    "batch_size": 32,
    "classification_threshold": 0.4
  },
  "fold": 2,
  "metrics": {
    "tile_accuracy": 0.7268041237113402,
    "tile_f1": 0.8417910447761194,
    "tile_precision": 0.7268041237113402,
    "tile_recall": 1.0,
    "tile_auc": 0.6859694901645926,
    "img_accuracy": 0.5454545454545454,
    "img_f1": 0.7058823529411765,
    "img_precision": 0.5454545454545454,
    "img_recall": 1.0,
    "img_auc": 0.7333333333333334
  },
  "model_path": "models/saved/cnn_200x200_overlap0.6_entropy2.5_3layer_fold2.keras",
  "history_path": "models/saved/cnn_200x200_overlap0.6_entropy2.5_3layer_fold2_history.json"
}