{
  "accuracy": [
    0.6405512094497681,
    0.6893700957298279,
    0.7358267903327942,
    0.7484251856803894,
    0.7807086706161499,
    0.7633858323097229,
    0.7814960479736328,
    0.8039370179176331,
    0.8224409222602844,
    0.8098425269126892,
    0.83937007188797,
    0.8700787425041199,
    0.8704724311828613,
    0.8755905628204346,
    0.8830708861351013,
    0.8767716288566589,
    0.9011811017990112,
    0.8944882154464722,
    0.9200787544250488,
    0.9275590777397156,
    0.9299212694168091,
    0.932677149772644,
    0.9311023354530334
  ],
  "loss": [
    0.6548564434051514,
    0.5522089600563049,
    0.5316175818443298,
    0.500830352306366,
    0.4455125629901886,
    0.46787509322166443,
    0.43959152698516846,
    0.40547433495521545,
    0.384059876203537,
    0.4087785482406616,
    0.3315081298351288,
    0.3031317889690399,
    0.2890331745147705,
    0.26673001050949097,
    0.27535271644592285,
    0.27177467942237854,
    0.23804280161857605,
    0.24337133765220642,
    0.20002086460590363,
    0.1778317391872406,
    0.168425053358078,
    0.1761908233165741,
    0.16678644716739655
  ],
  "val_accuracy": [
    0.5694618225097656,
    0.5707134008407593,
    0.5131414532661438,
    0.6295369267463684,
    0.5581977367401123,
    0.5694618225097656,
    0.5356695652008057,
    0.5369211435317993,
    0.5281602144241333,
    0.5419273972511292,
    0.5832290649414062,
    0.5644555687904358,
    0.6357947587966919,
    0.5306633114814758,
    0.5431789755821228,
    0.6257822513580322,
    0.6370463371276855,
    0.5369211435317993,
    0.6295369267463684,
    0.5669587254524231,
    0.6332916021347046,
    0.6495619416236877,
    0.6545681953430176
  ],
  "val_loss": [
    0.7576399445533752,
    0.9682239890098572,
    1.0609997510910034,
    0.7513847947120667,
    0.7014225721359253,
    2.48233962059021,
    1.3953452110290527,
    0.8247805833816528,
    2.2944447994232178,
    1.0536503791809082,
    0.8554432988166809,
    1.1711974143981934,
    0.6886799335479736,
    2.006683111190796,
    2.620913505554199,
    0.9818514585494995,
    1.4689527750015259,
    4.1457719802856445,
    1.218663215637207,
    5.9765777587890625,
    1.4491621255874634,
    0.9144530892372131,
    0.7616219520568848
  ],
  "learning_rate": [
    0.0010000000474974513,
    0.0010000000474974513,
    0.0010000000474974513,
    0.0010000000474974513,
    0.0010000000474974513,
    0.0010000000474974513,
    0.0010000000474974513,
    0.0010000000474974513,
    0.0010000000474974513,
    0.0010000000474974513,
    0.0005000000237487257,
    0.0005000000237487257,
    0.0005000000237487257,
    0.0005000000237487257,
    0.0005000000237487257,
    0.0005000000237487257,
    0.0005000000237487257,
    0.0005000000237487257,
    0.0002500000118743628,
    0.0002500000118743628,
    0.0002500000118743628,
    0.0002500000118743628,
    0.0002500000118743628
  ]
}