{
  "hyperparameters": {
    "tile_h": 100,
    "tile_w": 100,
    "overlap": 0.8,
    "entropy_threshold": 1.0,
    "architecture": "3layer",
    "learning_rate": 0.001
  },
  "fold": 1,
  "metrics": {
    "accuracy": 0.7532467532467533,
    "f1": 0.71571072319202,
    "precision": 0.841642228739003,
    "recall": 0.6225596529284165,
    "auc": 0.8087217664669255,
    "val_accuracy": 0.7532467532467533,
    "val_f1": 0.71571072319202,
    "val_precision": 0.841642228739003,
    "val_recall": 0.6225596529284165,
    "val_auc": 0.8087217664669255
  },
  "model_path": "models/saved/cnn_100x100_overlap0.8_entropy1.0_3layer_fold1.h5",
  "history_path": "models/saved/cnn_100x100_overlap0.8_entropy1.0_3layer_fold1_history.json"
}