{
  "accuracy": [
    0.5147745013237,
    0.6267496347427368,
    0.6640746593475342,
    0.6671850681304932,
    0.6609642505645752,
    0.6516329646110535,
    0.699844479560852,
    0.6718506813049316,
    0.6780715584754944,
    0.6858475804328918,
    0.6967340707778931
  ],
  "loss": [
    1.451385736465454,
    0.9632840752601624,
    1.0868057012557983,
    1.1411550045013428,
    1.2729957103729248,
    1.3529869318008423,
    1.2088122367858887,
    1.4928562641143799,
    1.1953527927398682,
    1.3430171012878418,
    1.3280837535858154
  ],
  "val_accuracy": [
    0.5675675868988037,
    0.5675675868988037,
    0.5675675868988037,
    0.5675675868988037,
    0.5675675868988037,
    0.5675675868988037,
    0.5675675868988037,
    0.5675675868988037,
    0.5675675868988037,
    0.5360360145568848,
    0.5630630850791931
  ],
  "val_loss": [
    1.0574836730957031,
    1.2062026262283325,
    1.0903010368347168,
    1.7640265226364136,
    2.457894802093506,
    1.6312261819839478,
    1.964490294456482,
    1.549398422241211,
    1.454182505607605,
    1.524307131767273,
    1.4124010801315308
  ],
  "learning_rate": [
    0.0010000000474974513,
    0.0010000000474974513,
    0.0010000000474974513,
    0.0010000000474974513,
    0.0010000000474974513,
    0.0010000000474974513,
    0.0005000000237487257,
    0.0005000000237487257,
    0.0005000000237487257,
    0.0005000000237487257,
    0.0005000000237487257
  ]
}