{
  "accuracy": [
    0.5230311751365662,
    0.6433877944946289,
    0.6567607522010803,
    0.6627042889595032,
    0.6775631308555603,
    0.6849925518035889,
    0.6760772466659546,
    0.679049015045166,
    0.6745913624763489,
    0.7295690774917603,
    0.7132243514060974,
    0.751857340335846
  ],
  "loss": [
    0.8676321506500244,
    0.624343991279602,
    0.6444623470306396,
    0.6023623943328857,
    0.6345223784446716,
    0.63502037525177,
    0.649865984916687,
    0.6330391764640808,
    0.6170689463615417,
    0.5702850818634033,
    0.5929602384567261,
    0.5474170446395874
  ],
  "val_accuracy": [
    0.5621621608734131,
    0.5027027130126953,
    0.5243242979049683,
    0.5243242979049683,
    0.5243242979049683,
    0.5243242979049683,
    0.5243242979049683,
    0.5243242979049683,
    0.5243242979049683,
    0.5243242979049683,
    0.5243242979049683,
    0.5243242979049683
  ],
  "val_loss": [
    0.6924030780792236,
    0.6915955543518066,
    0.691921591758728,
    0.6987781524658203,
    0.7028179168701172,
    0.7027561664581299,
    0.7051342725753784,
    0.7210838794708252,
    0.7169527411460876,
    0.7432758808135986,
    0.7515063285827637,
    0.8237773776054382
  ],
  "learning_rate": [
    0.0010000000474974513,
    0.0010000000474974513,
    0.0010000000474974513,
    0.0010000000474974513,
    0.0010000000474974513,
    0.0010000000474974513,
    0.0010000000474974513,
    0.0005000000237487257,
    0.0005000000237487257,
    0.0005000000237487257,
    0.0005000000237487257,
    0.0005000000237487257
  ]
}