{
  "accuracy": [
    0.578492283821106,
    0.599567711353302,
    0.6279383897781372,
    0.6784653067588806,
    0.6944069266319275,
    0.7260199785232544,
    0.783301830291748,
    0.8084301352500916,
    0.8249121904373169,
    0.8457173705101013,
    0.8573358654975891
  ],
  "loss": [
    0.8646132349967957,
    0.7284260392189026,
    0.6625133752822876,
    0.6012197136878967,
    0.5815709233283997,
    0.542812705039978,
    0.450911283493042,
    0.41267481446266174,
    0.3812212646007538,
    0.34252995252609253,
    0.3220844566822052
  ],
  "val_accuracy": [
    0.44801512360572815,
    0.47920605540275574,
    0.4867675006389618,
    0.5500945448875427,
    0.5510396957397461,
    0.54347825050354,
    0.5548204183578491,
    0.4848771393299103,
    0.46124762296676636,
    0.5888468623161316,
    0.3544423580169678
  ],
  "val_loss": [
    0.7299265265464783,
    0.8012169003486633,
    0.7743187546730042,
    0.9815212488174438,
    1.2389986515045166,
    1.3720823526382446,
    3.0196404457092285,
    1.1723198890686035,
    1.5828239917755127,
    1.9215962886810303,
    1.835960030555725
  ],
  "learning_rate": [
    0.0010000000474974513,
    0.0010000000474974513,
    0.0010000000474974513,
    0.0010000000474974513,
    0.0010000000474974513,
    0.0010000000474974513,
    0.0005000000237487257,
    0.0005000000237487257,
    0.0005000000237487257,
    0.0005000000237487257,
    0.0005000000237487257
  ]
}