{
  "accuracy": [
    0.5519176721572876,
    0.5668849349021912,
    0.6033676266670227,
    0.6099157929420471,
    0.621141254901886,
    0.6594948768615723,
    0.6398503184318542,
    0.6744621396064758,
    0.6819457411766052,
    0.6856875419616699,
    0.6941066384315491,
    0.6875584721565247,
    0.715622067451477,
    0.7259120941162109,
    0.7118802666664124,
    0.7277829647064209,
    0.7754911184310913,
    0.7661365866661072,
    0.7745556831359863,
    0.7754911184310913
  ],
  "loss": [
    0.8168997764587402,
    0.702012300491333,
    0.6761677861213684,
    0.6611118316650391,
    0.6518224477767944,
    0.6414881348609924,
    0.6377437710762024,
    0.6126173138618469,
    0.604495644569397,
    0.5759816765785217,
    0.593231201171875,
    0.6067027449607849,
    0.5841146111488342,
    0.5257028937339783,
    0.5910629630088806,
    0.595196545124054,
    0.5016471147537231,
    0.5111622214317322,
    0.46317651867866516,
    0.4859185218811035
  ],
  "val_accuracy": [
    0.28455284237861633,
    0.28455284237861633,
    0.28455284237861633,
    0.28455284237861633,
    0.28455284237861633,
    0.28455284237861633,
    0.6937669515609741,
    0.7560975551605225,
    0.7154471278190613,
    0.7154471278190613,
    0.7154471278190613,
    0.7154471278190613,
    0.7154471278190613,
    0.7154471278190613,
    0.7154471278190613,
    0.7154471278190613,
    0.7154471278190613,
    0.7154471278190613,
    0.7154471278190613,
    0.7154471278190613
  ],
  "val_loss": [
    0.7455357313156128,
    0.7875543832778931,
    0.8872783184051514,
    0.755570650100708,
    0.8206992149353027,
    0.8308480978012085,
    0.6716139912605286,
    0.6509727239608765,
    0.5886387825012207,
    0.5856701731681824,
    0.6265190243721008,
    0.7488987445831299,
    0.827380359172821,
    1.096980094909668,
    0.9544282555580139,
    1.3270556926727295,
    1.4450483322143555,
    1.5802791118621826,
    1.601308822631836,
    1.7542787790298462
  ],
  "learning_rate": [
    0.0010000000474974513,
    0.0010000000474974513,
    0.0010000000474974513,
    0.0010000000474974513,
    0.0010000000474974513,
    0.0010000000474974513,
    0.0005000000237487257,
    0.0005000000237487257,
    0.0005000000237487257,
    0.0005000000237487257,
    0.0005000000237487257,
    0.0005000000237487257,
    0.0005000000237487257,
    0.0005000000237487257,
    0.0005000000237487257,
    0.0002500000118743628,
    0.0002500000118743628,
    0.0002500000118743628,
    0.0002500000118743628,
    0.0002500000118743628
  ]
}