{
  "hyperparameters": {
    "tile_h": 100,
    "tile_w": 100,
    "overlap": 0.8,
    "entropy_threshold": 1.0,
    "architecture": "3layer",
    "learning_rate": 0.001
  },
  "fold": 4,
  "metrics": {
    "accuracy": 0.42201834862385323,
    "f1": 0.4602203182374541,
    "precision": 0.4759493670886076,
    "recall": 0.44549763033175355,
    "auc": 0.44421203318925384,
    "val_accuracy": 0.42201834862385323,
    "val_f1": 0.4602203182374541,
    "val_precision": 0.4759493670886076,
    "val_recall": 0.44549763033175355,
    "val_auc": 0.44421203318925384
  },
  "model_path": "models/saved/cnn_100x100_overlap0.8_entropy1.0_3layer_fold4.h5",
  "history_path": "models/saved/cnn_100x100_overlap0.8_entropy1.0_3layer_fold4_history.json"
}