{
  "accuracy": [
    0.555031418800354,
    0.5738993883132935,
    0.5566037893295288,
    0.6006289124488831,
    0.606918215751648,
    0.5801886916160583,
    0.6242138147354126,
    0.5880503058433533,
    0.6210691928863525,
    0.6257861852645874,
    0.6415094137191772,
    0.6477987170219421
  ],
  "loss": [
    1.7470617294311523,
    1.1293751001358032,
    1.2706172466278076,
    1.2282382249832153,
    1.3329401016235352,
    1.6064012050628662,
    1.4295923709869385,
    1.7978311777114868,
    1.6689414978027344,
    1.7007839679718018,
    1.523011565208435,
    1.4920390844345093
  ],
  "val_accuracy": [
    0.2925764322280884,
    0.7074235677719116,
    0.7074235677719116,
    0.7074235677719116,
    0.7074235677719116,
    0.6681222915649414,
    0.7074235677719116,
    0.7074235677719116,
    0.7074235677719116,
    0.663755476474762,
    0.7074235677719116,
    0.7074235677719116
  ],
  "val_loss": [
    1.002854585647583,
    0.5824087262153625,
    1.156843900680542,
    0.723629355430603,
    0.7030321359634399,
    0.6889071464538574,
    1.7062084674835205,
    1.2384998798370361,
    0.8652490377426147,
    0.6225096583366394,
    3.5975069999694824,
    1.3157991170883179
  ],
  "learning_rate": [
    0.0010000000474974513,
    0.0010000000474974513,
    0.0010000000474974513,
    0.0010000000474974513,
    0.0010000000474974513,
    0.0010000000474974513,
    0.0010000000474974513,
    0.0005000000237487257,
    0.0005000000237487257,
    0.0005000000237487257,
    0.0005000000237487257,
    0.0005000000237487257
  ]
}