{
  "accuracy": [
    0.5066666603088379,
    0.585185170173645,
    0.5896296501159668,
    0.5985184907913208,
    0.5777778029441833,
    0.5555555820465088,
    0.614814817905426,
    0.6133333444595337,
    0.5881481766700745,
    0.5481481552124023,
    0.5822222232818604
  ],
  "loss": [
    1.4676629304885864,
    1.1425273418426514,
    1.2357659339904785,
    1.5921974182128906,
    1.986446738243103,
    2.5358023643493652,
    2.349111557006836,
    2.600010395050049,
    3.285087823867798,
    3.4573307037353516,
    3.500870943069458
  ],
  "val_accuracy": [
    0.5210526585578918,
    0.5210526585578918,
    0.5052631497383118,
    0.4526315927505493,
    0.5210526585578918,
    0.5210526585578918,
    0.5210526585578918,
    0.5210526585578918,
    0.5210526585578918,
    0.4842105209827423,
    0.4736842215061188
  ],
  "val_loss": [
    0.7765315175056458,
    1.8944048881530762,
    0.9562373757362366,
    0.8180318474769592,
    6.0404372215271,
    0.8855748772621155,
    3.1414713859558105,
    2.4778287410736084,
    1.9894174337387085,
    1.830239176750183,
    2.1087093353271484
  ],
  "learning_rate": [
    0.0010000000474974513,
    0.0010000000474974513,
    0.0010000000474974513,
    0.0010000000474974513,
    0.0010000000474974513,
    0.0010000000474974513,
    0.0005000000237487257,
    0.0005000000237487257,
    0.0005000000237487257,
    0.0005000000237487257,
    0.0005000000237487257
  ]
}