{
  "accuracy": [
    0.5225676894187927,
    0.5867602825164795,
    0.6449348330497742,
    0.6579739451408386,
    0.652958869934082,
    0.668004035949707,
    0.6740220785140991,
    0.6589769124984741,
    0.6790370941162109,
    0.6800401210784912,
    0.7111334204673767
  ],
  "loss": [
    1.3126294612884521,
    1.2443530559539795,
    1.1430503129959106,
    1.3564913272857666,
    1.4196572303771973,
    1.6372151374816895,
    1.6022814512252808,
    1.8618693351745605,
    1.6893974542617798,
    1.8514420986175537,
    1.6998733282089233
  ],
  "val_accuracy": [
    0.529411792755127,
    0.529411792755127,
    0.529411792755127,
    0.529411792755127,
    0.5042017102241516,
    0.529411792755127,
    0.529411792755127,
    0.529411792755127,
    0.529411792755127,
    0.529411792755127,
    0.529411792755127
  ],
  "val_loss": [
    0.761850118637085,
    1.1292140483856201,
    1.930275321006775,
    1.5089926719665527,
    1.281087040901184,
    6.662358283996582,
    7.502307415008545,
    7.5022993087768555,
    7.5022993087768555,
    7.5022993087768555,
    7.5022993087768555
  ],
  "learning_rate": [
    0.0010000000474974513,
    0.0010000000474974513,
    0.0010000000474974513,
    0.0010000000474974513,
    0.0010000000474974513,
    0.0010000000474974513,
    0.0005000000237487257,
    0.0005000000237487257,
    0.0005000000237487257,
    0.0005000000237487257,
    0.0005000000237487257
  ]
}