{
  "accuracy": [
    0.6242235898971558,
    0.6886646151542664,
    0.7270962595939636,
    0.7589285969734192,
    0.7837733030319214,
    0.8070651888847351,
    0.8334627151489258,
    0.8431677222251892,
    0.8715062141418457,
    0.8812111616134644,
    0.8839285969734192
  ],
  "loss": [
    0.6533969640731812,
    0.565044641494751,
    0.5176033973693848,
    0.47343936562538147,
    0.44358792901039124,
    0.40022262930870056,
    0.3570197820663452,
    0.3516860902309418,
    0.3030729591846466,
    0.26642584800720215,
    0.2711472511291504
  ],
  "val_accuracy": [
    0.4220183491706848,
    0.5058977603912354,
    0.5530799627304077,
    0.5268676280975342,
    0.5530799627304077,
    0.5832241177558899,
    0.4757536053657532,
    0.5740498304367065,
    0.5635648965835571,
    0.5347313284873962,
    0.44823065400123596
  ],
  "val_loss": [
    0.7466462850570679,
    1.4286725521087646,
    1.2209337949752808,
    1.953273892402649,
    3.740363359451294,
    0.9293482303619385,
    1.2380715608596802,
    1.639465093612671,
    2.2096481323242188,
    2.829596996307373,
    3.487978219985962
  ],
  "learning_rate": [
    0.0010000000474974513,
    0.0010000000474974513,
    0.0010000000474974513,
    0.0010000000474974513,
    0.0010000000474974513,
    0.0010000000474974513,
    0.0005000000237487257,
    0.0005000000237487257,
    0.0005000000237487257,
    0.0005000000237487257,
    0.0005000000237487257
  ]
}