{
  "hyperparameters": {
    "tile_h": 250,
    "tile_w": 250,
    "overlap": 0.8,
    "entropy_threshold": 1,
    "architecture": "3layer",
    "learning_rate": 0.001,
    "batch_size": 64,
    "classification_threshold": 0.4
  },
  "fold": 1,
  "metrics": {
    "tile_accuracy": 0.5066666666666667,
    "tile_f1": 0.672566371681416,
    "tile_precision": 0.5066666666666667,
    "tile_recall": 1.0,
    "tile_auc": 0.676703018808282,
    "img_accuracy": 0.45454545454545453,
    "img_f1": 0.625,
    "img_precision": 0.45454545454545453,
    "img_recall": 1.0,
    "img_auc": 0.5666666666666667
  },
  "model_path": "models/saved/cnn_250x250_overlap0.8_entropy1.0_3layer_fold1.keras",
  "history_path": "models/saved/cnn_250x250_overlap0.8_entropy1.0_3layer_fold1_history.json"
}