{
  "accuracy": [
    0.5762463212013245,
    0.6275659799575806,
    0.6578690409660339,
    0.6935483813285828,
    0.6935483813285828,
    0.7311828136444092,
    0.7649071216583252,
    0.793743908405304,
    0.8162267804145813,
    0.8260019421577454,
    0.8484848737716675
  ],
  "loss": [
    0.722600519657135,
    0.6480185389518738,
    0.6188558340072632,
    0.5819101929664612,
    0.5642890334129333,
    0.5254659652709961,
    0.4851588010787964,
    0.44218286871910095,
    0.4170807898044586,
    0.37975385785102844,
    0.3549114167690277
  ],
  "val_accuracy": [
    0.5032894611358643,
    0.4621710479259491,
    0.45230263471603394,
    0.49671053886413574,
    0.6480262875556946,
    0.5460526347160339,
    0.6447368264198303,
    0.5394737124443054,
    0.625,
    0.5148026347160339,
    0.5986841917037964
  ],
  "val_loss": [
    0.6749014258384705,
    0.7796546220779419,
    0.7866531014442444,
    0.9214282035827637,
    0.701229989528656,
    0.7906263470649719,
    0.8482518196105957,
    0.7671566605567932,
    0.7455410957336426,
    1.6985582113265991,
    2.3598926067352295
  ],
  "learning_rate": [
    0.0010000000474974513,
    0.0010000000474974513,
    0.0010000000474974513,
    0.0010000000474974513,
    0.0010000000474974513,
    0.0010000000474974513,
    0.0005000000237487257,
    0.0005000000237487257,
    0.0005000000237487257,
    0.0005000000237487257,
    0.0005000000237487257
  ]
}