{
  "accuracy": [
    0.5560906529426575,
    0.5878186821937561,
    0.6365439295768738,
    0.6566572189331055,
    0.7192634344100952,
    0.7331444621086121,
    0.7252124547958374,
    0.7640226483345032,
    0.8246458768844604,
    0.846458911895752,
    0.8665722608566284,
    0.8929178714752197,
    0.8903682827949524
  ],
  "loss": [
    0.9359411597251892,
    0.7613347172737122,
    0.6479316353797913,
    0.6162940859794617,
    0.5463969111442566,
    0.5355937480926514,
    0.5383957028388977,
    0.48425614833831787,
    0.39526456594467163,
    0.35141152143478394,
    0.3082369863986969,
    0.25736501812934875,
    0.26943421363830566
  ],
  "val_accuracy": [
    0.3588283061981201,
    0.6013018488883972,
    0.5508543252944946,
    0.5142391920089722,
    0.5028478503227234,
    0.5085435509681702,
    0.48576077818870544,
    0.650935709476471,
    0.5142391920089722,
    0.5793327689170837,
    0.4955248236656189,
    0.5419039726257324,
    0.5427176356315613
  ],
  "val_loss": [
    0.9781984090805054,
    0.6452990174293518,
    0.6293858885765076,
    2.524991750717163,
    1.15960693359375,
    1.0666426420211792,
    2.220781087875366,
    0.9479451775550842,
    4.003463268280029,
    3.579784631729126,
    2.4722695350646973,
    1.6803114414215088,
    2.038912773132324
  ],
  "learning_rate": [
    0.0010000000474974513,
    0.0010000000474974513,
    0.0010000000474974513,
    0.0010000000474974513,
    0.0010000000474974513,
    0.0010000000474974513,
    0.0010000000474974513,
    0.0010000000474974513,
    0.0005000000237487257,
    0.0005000000237487257,
    0.0005000000237487257,
    0.0005000000237487257,
    0.0005000000237487257
  ]
}