{
  "hyperparameters": {
    "tile_h": 200,
    "tile_w": 200,
    "overlap": 0.8,
    "entropy_threshold": 2,
    "architecture": "3layer",
    "learning_rate": 0.001,
    "batch_size": 64,
    "classification_threshold": 0.4
  },
  "fold": 3,
  "metrics": {
    "tile_accuracy": 0.4963144963144963,
    "tile_f1": 0.6633825944170771,
    "tile_precision": 0.4963144963144963,
    "tile_recall": 1.0,
    "tile_auc": 0.2782419705385173,
    "img_accuracy": 0.5454545454545454,
    "img_f1": 0.7058823529411765,
    "img_precision": 0.5454545454545454,
    "img_recall": 1.0,
    "img_auc": 0.26666666666666666
  },
  "model_path": "models/saved/cnn_200x200_overlap0.8_entropy2.0_3layer_fold3.keras",
  "history_path": "models/saved/cnn_200x200_overlap0.8_entropy2.0_3layer_fold3_history.json"
}