{
  "accuracy": [
    0.5831348299980164,
    0.6336350440979004,
    0.6712720394134521,
    0.6698427796363831,
    0.6931872367858887,
    0.7279657125473022,
    0.7303478121757507,
    0.7589328289031982,
    0.7727489471435547,
    0.7970461845397949,
    0.8446879386901855,
    0.8323010802268982,
    0.847070038318634
  ],
  "loss": [
    0.7033441662788391,
    0.6135575771331787,
    0.5825274586677551,
    0.5820635557174683,
    0.5530128479003906,
    0.5223945379257202,
    0.5050961375236511,
    0.48385775089263916,
    0.4597918689250946,
    0.4309113323688507,
    0.35258162021636963,
    0.3925929069519043,
    0.34777140617370605
  ],
  "val_accuracy": [
    0.477477490901947,
    0.5261261463165283,
    0.5117117166519165,
    0.44324323534965515,
    0.5153152942657471,
    0.5387387275695801,
    0.5297297239303589,
    0.522522509098053,
    0.5297297239303589,
    0.5333333611488342,
    0.4864864945411682,
    0.5297297239303589,
    0.592792809009552
  ],
  "val_loss": [
    0.7000291347503662,
    0.7234630584716797,
    0.695077121257782,
    0.7520125508308411,
    0.9693915843963623,
    0.8063163161277771,
    2.1798408031463623,
    1.4315754175186157,
    2.151931047439575,
    1.3863768577575684,
    2.8186874389648438,
    5.288571357727051,
    0.7770330309867859
  ],
  "learning_rate": [
    0.0010000000474974513,
    0.0010000000474974513,
    0.0010000000474974513,
    0.0010000000474974513,
    0.0010000000474974513,
    0.0010000000474974513,
    0.0010000000474974513,
    0.0010000000474974513,
    0.0005000000237487257,
    0.0005000000237487257,
    0.0005000000237487257,
    0.0005000000237487257,
    0.0005000000237487257
  ]
}