{
  "accuracy": [
    0.5828025341033936,
    0.5780254602432251,
    0.5955414175987244,
    0.5955414175987244,
    0.6369426846504211,
    0.6480891704559326,
    0.662420392036438,
    0.6592356562614441,
    0.6449044346809387,
    0.6847133636474609,
    0.675159215927124
  ],
  "loss": [
    0.7363807559013367,
    0.758129358291626,
    0.6782225370407104,
    0.7098687291145325,
    0.6492239832878113,
    0.6408800482749939,
    0.6258091926574707,
    0.63280189037323,
    0.6165814399719238,
    0.6043601036071777,
    0.6352718472480774
  ],
  "val_accuracy": [
    0.291304349899292,
    0.291304349899292,
    0.291304349899292,
    0.291304349899292,
    0.291304349899292,
    0.291304349899292,
    0.291304349899292,
    0.291304349899292,
    0.291304349899292,
    0.291304349899292,
    0.25217390060424805
  ],
  "val_loss": [
    0.716363787651062,
    0.7380630373954773,
    0.7501767873764038,
    0.8091647624969482,
    0.7578113675117493,
    0.7540995478630066,
    0.7602197527885437,
    0.7590508460998535,
    0.72798752784729,
    0.7311927080154419,
    0.718680739402771
  ],
  "learning_rate": [
    0.0010000000474974513,
    0.0010000000474974513,
    0.0010000000474974513,
    0.0010000000474974513,
    0.0010000000474974513,
    0.0010000000474974513,
    0.0005000000237487257,
    0.0005000000237487257,
    0.0005000000237487257,
    0.0005000000237487257,
    0.0005000000237487257
  ]
}