{
  "hyperparameters": {
    "tile_h": 100,
    "tile_w": 100,
    "overlap": 0.8,
    "entropy_threshold": 2.0,
    "architecture": "3layer",
    "learning_rate": 0.001
  },
  "fold": 2,
  "metrics": {
    "accuracy": 0.41075794621026895,
    "f1": 0.38676844783715014,
    "precision": 0.8321167883211679,
    "recall": 0.25193370165745854,
    "auc": 0.5032874643972409,
    "val_accuracy": 0.41075794621026895,
    "val_f1": 0.38676844783715014,
    "val_precision": 0.8321167883211679,
    "val_recall": 0.25193370165745854,
    "val_auc": 0.5032874643972409
  },
  "model_path": "models/saved/cnn_100x100_overlap0.8_entropy2.0_3layer_fold2.h5",
  "history_path": "models/saved/cnn_100x100_overlap0.8_entropy2.0_3layer_fold2_history.json"
}