{
  "accuracy": [
    0.52625572681427,
    0.585616409778595,
    0.6175799369812012,
    0.6438356041908264,
    0.6837899684906006,
    0.7363013625144958,
    0.7009132504463196,
    0.7716894745826721,
    0.8036529421806335,
    0.8082191944122314,
    0.836758017539978,
    0.8573059439659119
  ],
  "loss": [
    0.9524982571601868,
    0.8166700601577759,
    0.7604312300682068,
    0.71829754114151,
    0.6338945627212524,
    0.5620483160018921,
    0.6304239630699158,
    0.4870296120643616,
    0.42720651626586914,
    0.4393959939479828,
    0.37788593769073486,
    0.33024510741233826
  ],
  "val_accuracy": [
    0.4903225898742676,
    0.4903225898742676,
    0.4903225898742676,
    0.44516128301620483,
    0.39032256603240967,
    0.3870967626571655,
    0.3935483992099762,
    0.6129032373428345,
    0.40645161271095276,
    0.49677419662475586,
    0.49677419662475586,
    0.699999988079071
  ],
  "val_loss": [
    1.4868783950805664,
    1.0100514888763428,
    1.6336849927902222,
    1.0302133560180664,
    1.4440157413482666,
    2.405553102493286,
    1.994143009185791,
    1.067406415939331,
    2.602346420288086,
    3.3504083156585693,
    1.9843753576278687,
    1.4192235469818115
  ],
  "learning_rate": [
    0.0010000000474974513,
    0.0010000000474974513,
    0.0010000000474974513,
    0.0010000000474974513,
    0.0010000000474974513,
    0.0010000000474974513,
    0.0010000000474974513,
    0.0005000000237487257,
    0.0005000000237487257,
    0.0005000000237487257,
    0.0005000000237487257,
    0.0005000000237487257
  ]
}