{
  "accuracy": [
    0.5849002599716187,
    0.6407407522201538,
    0.668945848941803,
    0.6920228004455566,
    0.7307692170143127,
    0.765527069568634,
    0.7817663550376892,
    0.7920227646827698,
    0.8515669703483582,
    0.8598290681838989,
    0.8754985928535461,
    0.8905982971191406,
    0.8934472799301147
  ],
  "loss": [
    0.7174953818321228,
    0.6266618967056274,
    0.5966205596923828,
    0.5729228854179382,
    0.5250660181045532,
    0.4818542003631592,
    0.4475151002407074,
    0.43587496876716614,
    0.3471989929676056,
    0.3233793079853058,
    0.29377317428588867,
    0.2696044147014618,
    0.26506197452545166
  ],
  "val_accuracy": [
    0.4771614968776703,
    0.41353997588157654,
    0.715334415435791,
    0.6729200482368469,
    0.690864622592926,
    0.5130505561828613,
    0.6721044182777405,
    0.6321370601654053,
    0.6810766458511353,
    0.6492658853530884,
    0.6973899006843567,
    0.6982055306434631,
    0.598694920539856
  ],
  "val_loss": [
    0.7479905486106873,
    0.8007225394248962,
    0.6601849794387817,
    0.7468376159667969,
    0.8377441763877869,
    3.1811695098876953,
    0.7519787549972534,
    1.067806363105774,
    1.509969711303711,
    1.0429277420043945,
    1.2415502071380615,
    0.9277327656745911,
    2.1563360691070557
  ],
  "learning_rate": [
    0.0010000000474974513,
    0.0010000000474974513,
    0.0010000000474974513,
    0.0010000000474974513,
    0.0010000000474974513,
    0.0010000000474974513,
    0.0010000000474974513,
    0.0010000000474974513,
    0.0005000000237487257,
    0.0005000000237487257,
    0.0005000000237487257,
    0.0005000000237487257,
    0.0005000000237487257
  ]
}