{
  "accuracy": [
    0.5460751056671143,
    0.591296911239624,
    0.6186006665229797,
    0.6373720169067383,
    0.6655290126800537,
    0.6817406415939331,
    0.69112628698349,
    0.7303754091262817,
    0.7474402785301208,
    0.7568259239196777,
    0.7781569957733154
  ],
  "loss": [
    0.8629103302955627,
    0.7697300314903259,
    0.750332236289978,
    0.7058861255645752,
    0.6620000004768372,
    0.6564613580703735,
    0.6187523007392883,
    0.5506502985954285,
    0.5232164859771729,
    0.5154392719268799,
    0.4855654537677765
  ],
  "val_accuracy": [
    0.483146071434021,
    0.516853928565979,
    0.5028089880943298,
    0.48876404762268066,
    0.4101123511791229,
    0.3679775297641754,
    0.32022473216056824,
    0.516853928565979,
    0.44662922620773315,
    0.32022473216056824,
    0.483146071434021
  ],
  "val_loss": [
    0.6916062235832214,
    0.7006072998046875,
    0.7403725385665894,
    0.7514671683311462,
    0.8246708512306213,
    0.7876080274581909,
    0.8283746838569641,
    1.036624550819397,
    1.757846474647522,
    1.4905897378921509,
    1.1859523057937622
  ],
  "learning_rate": [
    0.0010000000474974513,
    0.0010000000474974513,
    0.0010000000474974513,
    0.0010000000474974513,
    0.0010000000474974513,
    0.0010000000474974513,
    0.0005000000237487257,
    0.0005000000237487257,
    0.0005000000237487257,
    0.0005000000237487257,
    0.0005000000237487257
  ]
}