{
  "hyperparameters": {
    "tile_h": 200,
    "tile_w": 200,
    "overlap": 0.8,
    "entropy_threshold": 2,
    "architecture": "3layer",
    "learning_rate": 0.001,
    "batch_size": 64,
    "classification_threshold": 0.4
  },
  "fold": 1,
  "metrics": {
    "tile_accuracy": 0.5113636363636364,
    "tile_f1": 0.6766917293233082,
    "tile_precision": 0.5113636363636364,
    "tile_recall": 1.0,
    "tile_auc": 0.5073966408268734,
    "img_accuracy": 0.45454545454545453,
    "img_f1": 0.625,
    "img_precision": 0.45454545454545453,
    "img_recall": 1.0,
    "img_auc": 0.5833333333333334
  },
  "model_path": "models/saved/cnn_200x200_overlap0.8_entropy2.0_3layer_fold1.keras",
  "history_path": "models/saved/cnn_200x200_overlap0.8_entropy2.0_3layer_fold1_history.json"
}