{
  "hyperparameters": {
    "tile_h": 200,
    "tile_w": 200,
    "overlap": 0.5,
    "entropy_threshold": 2.0,
    "architecture": "3layer",
    "learning_rate": 0.001,
    "batch_size": 32
  },
  "fold": 2,
  "metrics": {
    "accuracy": 0.7135135135135136,
    "f1": 0.832807570977918,
    "precision": 0.7135135135135136,
    "recall": 1.0,
    "auc": 0.7030624642652944,
    "val_accuracy": 0.7135135135135136,
    "val_f1": 0.832807570977918,
    "val_precision": 0.7135135135135136,
    "val_recall": 1.0,
    "val_auc": 0.7030624642652944
  },
  "model_path": "models/saved/cnn_200x200_overlap0.5_entropy2.0_3layer_fold2.keras",
  "history_path": "models/saved/cnn_200x200_overlap0.5_entropy2.0_3layer_fold2_history.json"
}