{
  "accuracy": [
    0.582812488079071,
    0.6312500238418579,
    0.637499988079071,
    0.6734374761581421,
    0.7265625,
    0.6937500238418579,
    0.7281249761581421,
    0.737500011920929,
    0.7515624761581421,
    0.723437488079071,
    0.7749999761581421
  ],
  "loss": [
    0.8360189199447632,
    0.6574710607528687,
    0.6979672312736511,
    0.6354527473449707,
    0.592822790145874,
    0.6062270402908325,
    0.5997143983840942,
    0.5589525699615479,
    0.5411731004714966,
    0.589195728302002,
    0.5103487968444824
  ],
  "val_accuracy": [
    0.5642201900482178,
    0.5642201900482178,
    0.5642201900482178,
    0.5642201900482178,
    0.5642201900482178,
    0.5642201900482178,
    0.5642201900482178,
    0.5642201900482178,
    0.5642201900482178,
    0.5642201900482178,
    0.5642201900482178
  ],
  "val_loss": [
    0.6909799575805664,
    0.6934195756912231,
    0.6948838829994202,
    0.7038099765777588,
    0.7101650834083557,
    0.7285844087600708,
    0.7478457093238831,
    0.7833701968193054,
    0.8923051357269287,
    0.8805591464042664,
    0.9121090769767761
  ],
  "learning_rate": [
    0.0010000000474974513,
    0.0010000000474974513,
    0.0010000000474974513,
    0.0010000000474974513,
    0.0010000000474974513,
    0.0010000000474974513,
    0.0005000000237487257,
    0.0005000000237487257,
    0.0005000000237487257,
    0.0005000000237487257,
    0.0005000000237487257
  ]
}