{
  "accuracy": [
    0.5993564128875732,
    0.6633145809173584,
    0.7127916216850281,
    0.728077232837677,
    0.7562349438667297,
    0.7751407623291016,
    0.7847948670387268,
    0.7936444282531738,
    0.8073210120201111,
    0.8330651521682739,
    0.8781174421310425,
    0.886162519454956,
    0.8954142928123474,
    0.9119066596031189,
    0.9074819087982178
  ],
  "loss": [
    0.685530424118042,
    0.5990133881568909,
    0.5389761924743652,
    0.5236002802848816,
    0.48888105154037476,
    0.4478780925273895,
    0.436577707529068,
    0.4274313449859619,
    0.4035317301750183,
    0.35759010910987854,
    0.29308953881263733,
    0.2550303041934967,
    0.246076762676239,
    0.21428605914115906,
    0.22782933712005615
  ],
  "val_accuracy": [
    0.27198123931884766,
    0.27198123931884766,
    0.27667057514190674,
    0.32942554354667664,
    0.6729190945625305,
    0.2672919034957886,
    0.7514654397964478,
    0.7127784490585327,
    0.6072684526443481,
    0.6154748201370239,
    0.7385697364807129,
    0.30011722445487976,
    0.30128955841064453,
    0.5041031837463379,
    0.26494723558425903
  ],
  "val_loss": [
    0.8736246228218079,
    1.014104962348938,
    1.2017135620117188,
    1.2026840448379517,
    0.6700690388679504,
    6.498452663421631,
    0.6949226260185242,
    1.3945921659469604,
    0.7588914632797241,
    1.3493179082870483,
    1.428359866142273,
    8.779671669006348,
    5.479258060455322,
    1.901773452758789,
    3.544426441192627
  ],
  "learning_rate": [
    0.0010000000474974513,
    0.0010000000474974513,
    0.0010000000474974513,
    0.0010000000474974513,
    0.0010000000474974513,
    0.0010000000474974513,
    0.0010000000474974513,
    0.0010000000474974513,
    0.0010000000474974513,
    0.0010000000474974513,
    0.0005000000237487257,
    0.0005000000237487257,
    0.0005000000237487257,
    0.0005000000237487257,
    0.0005000000237487257
  ]
}