{
  "accuracy": [
    0.5917184352874756,
    0.6749482154846191,
    0.7242236137390137,
    0.7573499083518982,
    0.7614907026290894,
    0.7879917025566101,
    0.8128364682197571,
    0.8380952477455139,
    0.8517598509788513,
    0.8679088950157166,
    0.8741200566291809,
    0.8782608509063721,
    0.9064182043075562,
    0.916356086730957,
    0.9225673079490662,
    0.9200828075408936,
    0.925051748752594,
    0.9254658222198486,
    0.9407867789268494,
    0.9490683078765869,
    0.9474120140075684,
    0.9469979405403137,
    0.9465838670730591
  ],
  "loss": [
    0.7027598023414612,
    0.5808337330818176,
    0.5367509126663208,
    0.4838556945323944,
    0.47262224555015564,
    0.4457685947418213,
    0.38342222571372986,
    0.3482646644115448,
    0.3198545575141907,
    0.30541089177131653,
    0.2810983955860138,
    0.2772533893585205,
    0.2216351330280304,
    0.2078956961631775,
    0.18665711581707,
    0.1994139552116394,
    0.17843732237815857,
    0.1788478046655655,
    0.1519666165113449,
    0.13720108568668365,
    0.139878049492836,
    0.13517071306705475,
    0.13634353876113892
  ],
  "val_accuracy": [
    0.49891775846481323,
    0.49891775846481323,
    0.5010822415351868,
    0.6601731777191162,
    0.5422077775001526,
    0.6742424368858337,
    0.6504328846931458,
    0.6060606241226196,
    0.661255419254303,
    0.5876623392105103,
    0.5562770366668701,
    0.6666666865348816,
    0.7532467246055603,
    0.7435064911842346,
    0.6991341710090637,
    0.7240259647369385,
    0.7575757503509521,
    0.6396104097366333,
    0.7034631967544556,
    0.7748917937278748,
    0.7088744640350342,
    0.5692640542984009,
    0.7532467246055603
  ],
  "val_loss": [
    0.8316565155982971,
    1.2455065250396729,
    1.0106053352355957,
    0.8534566164016724,
    1.2590715885162354,
    0.99215167760849,
    0.772708535194397,
    0.9248770475387573,
    1.3509125709533691,
    1.2500654458999634,
    0.9634808897972107,
    1.715517520904541,
    0.739962100982666,
    1.1403932571411133,
    1.6727120876312256,
    1.334691047668457,
    1.611546516418457,
    2.8753011226654053,
    1.001429557800293,
    1.6968744993209839,
    2.568207263946533,
    1.8925504684448242,
    1.4870492219924927
  ],
  "learning_rate": [
    0.0010000000474974513,
    0.0010000000474974513,
    0.0010000000474974513,
    0.0010000000474974513,
    0.0010000000474974513,
    0.0010000000474974513,
    0.0005000000237487257,
    0.0005000000237487257,
    0.0005000000237487257,
    0.0005000000237487257,
    0.0005000000237487257,
    0.0005000000237487257,
    0.0002500000118743628,
    0.0002500000118743628,
    0.0002500000118743628,
    0.0002500000118743628,
    0.0002500000118743628,
    0.0002500000118743628,
    0.0001250000059371814,
    0.0001250000059371814,
    0.0001250000059371814,
    0.0001250000059371814,
    0.0001250000059371814
  ]
}