{
  "accuracy": [
    0.5450236797332764,
    0.5813586115837097,
    0.6303317546844482,
    0.6429699659347534,
    0.6666666865348816,
    0.6856240034103394,
    0.6666666865348816,
    0.7109004855155945,
    0.6872037649154663,
    0.7393364906311035,
    0.7456555962562561
  ],
  "loss": [
    0.8300943374633789,
    0.7217045426368713,
    0.6489235758781433,
    0.659298300743103,
    0.6297461986541748,
    0.632616400718689,
    0.618237316608429,
    0.6023896932601929,
    0.6217103004455566,
    0.5460348725318909,
    0.5560148358345032
  ],
  "val_accuracy": [
    0.48444443941116333,
    0.5066666603088379,
    0.5066666603088379,
    0.4577777683734894,
    0.4888888895511627,
    0.4933333396911621,
    0.5066666603088379,
    0.5066666603088379,
    0.5288888812065125,
    0.4933333396911621,
    0.4933333396911621
  ],
  "val_loss": [
    0.6902293562889099,
    0.6913122534751892,
    0.6964908242225647,
    0.6952678561210632,
    0.7016918063163757,
    0.7080454230308533,
    0.7079226970672607,
    0.7053326964378357,
    0.7054427266120911,
    0.7031531929969788,
    0.7145374417304993
  ],
  "learning_rate": [
    0.0010000000474974513,
    0.0010000000474974513,
    0.0010000000474974513,
    0.0010000000474974513,
    0.0010000000474974513,
    0.0010000000474974513,
    0.0005000000237487257,
    0.0005000000237487257,
    0.0005000000237487257,
    0.0005000000237487257,
    0.0005000000237487257
  ]
}