{
  "accuracy": [
    0.5342105031013489,
    0.5929824709892273,
    0.5877193212509155,
    0.5982456207275391,
    0.5991228222846985,
    0.5850877165794373,
    0.6219298243522644,
    0.6175438761711121,
    0.621052622795105,
    0.6070175170898438,
    0.6412280797958374,
    0.6315789222717285,
    0.6412280797958374,
    0.6780701875686646,
    0.6815789341926575,
    0.6973684430122375,
    0.6614035367965698,
    0.6885964870452881,
    0.6780701875686646
  ],
  "loss": [
    0.9739503860473633,
    0.7867688536643982,
    0.7937968969345093,
    0.7918562293052673,
    0.7798830270767212,
    0.8149017095565796,
    0.7566890716552734,
    0.7757292985916138,
    0.8112398386001587,
    0.7936866283416748,
    0.7769068479537964,
    0.7800043225288391,
    0.7623369693756104,
    0.6776103973388672,
    0.6876341700553894,
    0.6491439938545227,
    0.6632447838783264,
    0.6469347476959229,
    0.6641046404838562
  ],
  "val_accuracy": [
    0.27319586277008057,
    0.27319586277008057,
    0.27319586277008057,
    0.27319586277008057,
    0.2989690601825714,
    0.6932989954948425,
    0.27319586277008057,
    0.7603092789649963,
    0.7268041372299194,
    0.7474226951599121,
    0.7113401889801025,
    0.2525773048400879,
    0.7268041372299194,
    0.7268041372299194,
    0.7113401889801025,
    0.7319587469100952,
    0.3041236996650696,
    0.719072163105011,
    0.280927836894989
  ],
  "val_loss": [
    0.7651953101158142,
    0.8284185528755188,
    1.1221755743026733,
    0.9382417798042297,
    0.7577254176139832,
    0.6352890729904175,
    1.210578441619873,
    0.6053765416145325,
    0.5917502641677856,
    0.6371105909347534,
    0.5986925363540649,
    0.7758141756057739,
    0.5963747501373291,
    0.6133678555488586,
    0.7071040272712708,
    0.657626211643219,
    1.209398865699768,
    0.9468415975570679,
    1.314784288406372
  ],
  "learning_rate": [
    0.0010000000474974513,
    0.0010000000474974513,
    0.0010000000474974513,
    0.0010000000474974513,
    0.0010000000474974513,
    0.0010000000474974513,
    0.0010000000474974513,
    0.0010000000474974513,
    0.0010000000474974513,
    0.0010000000474974513,
    0.0010000000474974513,
    0.0010000000474974513,
    0.0010000000474974513,
    0.0010000000474974513,
    0.0005000000237487257,
    0.0005000000237487257,
    0.0005000000237487257,
    0.0005000000237487257,
    0.0005000000237487257
  ]
}