{
  "hyperparameters": {
    "tile_h": 100,
    "tile_w": 100,
    "overlap": 0.8,
    "entropy_threshold": 2.0,
    "architecture": "3layer",
    "learning_rate": 0.001
  },
  "fold": 1,
  "metrics": {
    "accuracy": 0.7153344208809136,
    "f1": 0.6322444678609063,
    "precision": 0.9375,
    "recall": 0.4769475357710652,
    "auc": 0.67545730773635,
    "val_accuracy": 0.7153344208809136,
    "val_f1": 0.6322444678609063,
    "val_precision": 0.9375,
    "val_recall": 0.4769475357710652,
    "val_auc": 0.67545730773635
  },
  "model_path": "models/saved/cnn_100x100_overlap0.8_entropy2.0_3layer_fold1.h5",
  "history_path": "models/saved/cnn_100x100_overlap0.8_entropy2.0_3layer_fold1_history.json"
}