{
  "accuracy": [
    0.5504587292671204,
    0.5653669834136963,
    0.6123853325843811,
    0.6204128265380859,
    0.5928899049758911,
    0.6100917458534241,
    0.5905963182449341,
    0.6169725060462952,
    0.5802752375602722,
    0.625,
    0.6295871734619141,
    0.6399082541465759,
    0.6811926364898682,
    0.6525229215621948,
    0.71100914478302,
    0.7041284441947937,
    0.6697247624397278,
    0.7534403800964355,
    0.7087156176567078,
    0.7534403800964355,
    0.7844036817550659,
    0.786697268486023,
    0.7958715558052063,
    0.8004587292671204
  ],
  "loss": [
    1.2533692121505737,
    1.12943434715271,
    1.1192207336425781,
    1.3100581169128418,
    1.53544282913208,
    1.4014767408370972,
    1.5218310356140137,
    1.1608588695526123,
    1.0490756034851074,
    0.8743234872817993,
    0.7686816453933716,
    0.7103223204612732,
    0.6559478044509888,
    0.6854833364486694,
    0.5802399516105652,
    0.5524024367332458,
    0.6123435497283936,
    0.5091482996940613,
    0.5803336501121521,
    0.5087008476257324,
    0.44396674633026123,
    0.44082313776016235,
    0.47150588035583496,
    0.45425015687942505
  ],
  "val_accuracy": [
    0.31528663635253906,
    0.31528663635253906,
    0.31528663635253906,
    0.31528663635253906,
    0.31528663635253906,
    0.31528663635253906,
    0.6847133636474609,
    0.3439490497112274,
    0.31210190057754517,
    0.31210190057754517,
    0.6273885369300842,
    0.2929936349391937,
    0.5700637102127075,
    0.675159215927124,
    0.5350318551063538,
    0.31528663635253906,
    0.31528663635253906,
    0.6656050682067871,
    0.3757961690425873,
    0.4363057315349579,
    0.5923566818237305,
    0.6656050682067871,
    0.3216560482978821,
    0.675159215927124
  ],
  "val_loss": [
    1.58339262008667,
    1.4823355674743652,
    1.6839640140533447,
    1.105534553527832,
    1.5773484706878662,
    1.7174469232559204,
    0.7084546685218811,
    1.025901198387146,
    2.125218391418457,
    1.3535951375961304,
    0.6728094816207886,
    1.1034072637557983,
    0.7346789836883545,
    0.6708094477653503,
    0.7071197628974915,
    1.7535761594772339,
    2.235098361968994,
    0.7473182678222656,
    1.4419068098068237,
    1.2916374206542969,
    0.843696653842926,
    1.20708167552948,
    1.5022507905960083,
    0.6952458024024963
  ],
  "learning_rate": [
    0.0010000000474974513,
    0.0010000000474974513,
    0.0010000000474974513,
    0.0010000000474974513,
    0.0010000000474974513,
    0.0010000000474974513,
    0.0010000000474974513,
    0.0010000000474974513,
    0.0010000000474974513,
    0.0010000000474974513,
    0.0010000000474974513,
    0.0010000000474974513,
    0.0010000000474974513,
    0.0010000000474974513,
    0.0010000000474974513,
    0.0010000000474974513,
    0.0010000000474974513,
    0.0010000000474974513,
    0.0010000000474974513,
    0.0005000000237487257,
    0.0005000000237487257,
    0.0005000000237487257,
    0.0005000000237487257,
    0.0005000000237487257
  ]
}