{
  "accuracy": [
    0.5182648301124573,
    0.5194063782691956,
    0.5673515796661377,
    0.5502282977104187,
    0.5799086689949036,
    0.6130136847496033,
    0.5787671208381653,
    0.6255707740783691,
    0.6347032189369202,
    0.6780821681022644,
    0.7271689772605896,
    0.7134703397750854,
    0.7568492889404297,
    0.7191780805587769,
    0.7511415481567383,
    0.7602739930152893,
    0.7819634675979614,
    0.827625572681427,
    0.793379008769989,
    0.8150684833526611,
    0.8401826620101929,
    0.8436073064804077,
    0.8310502171516418,
    0.8310502171516418,
    0.8470319509506226
  ],
  "loss": [
    1.445092797279358,
    1.4200061559677124,
    1.3047020435333252,
    1.556968331336975,
    1.407072901725769,
    1.2708410024642944,
    1.3492873907089233,
    1.021257758140564,
    0.9302734732627869,
    0.7735639810562134,
    0.5932158827781677,
    0.6115262508392334,
    0.5694636106491089,
    0.588004469871521,
    0.5157229900360107,
    0.496347039937973,
    0.4497006833553314,
    0.41287583112716675,
    0.4417814016342163,
    0.39523062109947205,
    0.38612744212150574,
    0.3693893253803253,
    0.4128605127334595,
    0.3894994854927063,
    0.36952149868011475
  ],
  "val_accuracy": [
    0.4903225898742676,
    0.4903225898742676,
    0.4903225898742676,
    0.4903225898742676,
    0.4903225898742676,
    0.4903225898742676,
    0.4677419364452362,
    0.4903225898742676,
    0.5419355034828186,
    0.46451613306999207,
    0.522580623626709,
    0.5129032135009766,
    0.5,
    0.699999988079071,
    0.6967741847038269,
    0.7064515948295593,
    0.6935483813285828,
    0.6290322542190552,
    0.6838709712028503,
    0.5,
    0.6903225779533386,
    0.6870967745780945,
    0.49677419662475586,
    0.5258064270019531,
    0.64838707447052
  ],
  "val_loss": [
    2.4825456142425537,
    2.1061158180236816,
    6.579745769500732,
    3.019850015640259,
    5.991786479949951,
    3.14249587059021,
    1.4018549919128418,
    2.575223207473755,
    0.7992044687271118,
    2.595564126968384,
    0.8999712467193604,
    2.6771578788757324,
    1.6643742322921753,
    0.9286649823188782,
    0.584205150604248,
    0.6936525106430054,
    0.973015546798706,
    1.1673117876052856,
    0.6714844703674316,
    3.438220262527466,
    1.3307275772094727,
    0.8268030881881714,
    3.404385566711426,
    1.5603928565979004,
    0.9017354846000671
  ],
  "learning_rate": [
    0.0010000000474974513,
    0.0010000000474974513,
    0.0010000000474974513,
    0.0010000000474974513,
    0.0010000000474974513,
    0.0010000000474974513,
    0.0010000000474974513,
    0.0010000000474974513,
    0.0010000000474974513,
    0.0010000000474974513,
    0.0010000000474974513,
    0.0010000000474974513,
    0.0010000000474974513,
    0.0010000000474974513,
    0.0005000000237487257,
    0.0005000000237487257,
    0.0005000000237487257,
    0.0005000000237487257,
    0.0005000000237487257,
    0.0005000000237487257,
    0.0002500000118743628,
    0.0002500000118743628,
    0.0002500000118743628,
    0.0002500000118743628,
    0.0002500000118743628
  ]
}