{
  "accuracy": [
    0.5741997957229614,
    0.6285160183906555,
    0.6779825687408447,
    0.6663433313369751,
    0.7012609243392944,
    0.674102783203125,
    0.7138700485229492,
    0.6964112520217896,
    0.7216295003890991,
    0.6857420206069946,
    0.7235693335533142
  ],
  "loss": [
    0.7926232814788818,
    0.6604392528533936,
    0.6004154682159424,
    0.6386339664459229,
    0.581739068031311,
    0.6497206091880798,
    0.5674084424972534,
    0.5915796160697937,
    0.577805757522583,
    0.6461709141731262,
    0.5778388381004333
  ],
  "val_accuracy": [
    0.49631449580192566,
    0.49631449580192566,
    0.49631449580192566,
    0.49631449580192566,
    0.49631449580192566,
    0.49631449580192566,
    0.49631449580192566,
    0.49631449580192566,
    0.49631449580192566,
    0.49631449580192566,
    0.49631449580192566
  ],
  "val_loss": [
    0.6991773843765259,
    0.7150870561599731,
    0.7357495427131653,
    0.8809494376182556,
    0.8893192410469055,
    1.0502159595489502,
    1.2884962558746338,
    1.3592489957809448,
    1.3667902946472168,
    1.8117749691009521,
    1.9022058248519897
  ],
  "learning_rate": [
    0.0010000000474974513,
    0.0010000000474974513,
    0.0010000000474974513,
    0.0010000000474974513,
    0.0010000000474974513,
    0.0010000000474974513,
    0.0005000000237487257,
    0.0005000000237487257,
    0.0005000000237487257,
    0.0005000000237487257,
    0.0005000000237487257
  ]
}