{
  "accuracy": [
    0.5755102038383484,
    0.5969387888908386,
    0.6270408034324646,
    0.613265335559845,
    0.6443877816200256,
    0.668367326259613,
    0.7020407915115356,
    0.7301020622253418,
    0.7204081416130066,
    0.7576530575752258,
    0.761734664440155,
    0.8010203838348389,
    0.8204081654548645,
    0.8224489688873291,
    0.8586734533309937,
    0.8739795684814453,
    0.8683673739433289,
    0.8836734890937805,
    0.9102040529251099
  ],
  "loss": [
    0.8986279368400574,
    0.7632527947425842,
    0.6888362169265747,
    0.6533750295639038,
    0.599772036075592,
    0.5854902267456055,
    0.5676251649856567,
    0.5399444699287415,
    0.5425576567649841,
    0.4915657639503479,
    0.48256716132164,
    0.4249323308467865,
    0.4095832407474518,
    0.3912094533443451,
    0.3377048671245575,
    0.2976067364215851,
    0.30317026376724243,
    0.2732792794704437,
    0.2325727641582489
  ],
  "val_accuracy": [
    0.25072047114372253,
    0.25072047114372253,
    0.25072047114372253,
    0.31268012523651123,
    0.2708933651447296,
    0.49711814522743225,
    0.6037464141845703,
    0.5461094975471497,
    0.7074927687644958,
    0.7507204413414001,
    0.2219020128250122,
    0.5432276725769043,
    0.7463976740837097,
    0.729106605052948,
    0.5979827046394348,
    0.6570605039596558,
    0.5806916356086731,
    0.698847234249115,
    0.7219020128250122
  ],
  "val_loss": [
    1.8643686771392822,
    1.6367753744125366,
    2.1359212398529053,
    0.8853351473808289,
    1.353090524673462,
    0.9711704850196838,
    0.7697558403015137,
    1.0184438228607178,
    0.7479723691940308,
    1.5263464450836182,
    4.972070693969727,
    2.0760560035705566,
    2.9213480949401855,
    2.3487298488616943,
    1.3215277194976807,
    1.826186180114746,
    2.336991786956787,
    2.234912157058716,
    2.6548283100128174
  ],
  "learning_rate": [
    0.0010000000474974513,
    0.0010000000474974513,
    0.0010000000474974513,
    0.0010000000474974513,
    0.0010000000474974513,
    0.0010000000474974513,
    0.0010000000474974513,
    0.0010000000474974513,
    0.0010000000474974513,
    0.0010000000474974513,
    0.0010000000474974513,
    0.0010000000474974513,
    0.0010000000474974513,
    0.0010000000474974513,
    0.0005000000237487257,
    0.0005000000237487257,
    0.0005000000237487257,
    0.0005000000237487257,
    0.0005000000237487257
  ]
}