{
  "hyperparameters": {
    "tile_h": 200,
    "tile_w": 200,
    "overlap": 0.8,
    "entropy_threshold": 1.0,
    "architecture": "5layer",
    "learning_rate": 0.001
  },
  "fold": 2,
  "metrics": {
    "accuracy": 0.6751592356687898,
    "f1": 0.7782608695652173,
    "precision": 0.7306122448979592,
    "recall": 0.8325581395348837,
    "auc": 0.6083861874559549,
    "val_accuracy": 0.6751592356687898,
    "val_f1": 0.7782608695652173,
    "val_precision": 0.7306122448979592,
    "val_recall": 0.8325581395348837,
    "val_auc": 0.6083861874559549
  },
  "model_path": "models/saved/cnn_200x200_overlap0.8_entropy1.0_5layer_fold2.keras",
  "history_path": "models/saved/cnn_200x200_overlap0.8_entropy1.0_5layer_fold2_history.json"
}