{
  "hyperparameters": {
    "tile_h": 100,
    "tile_w": 100,
    "overlap": 0.8,
    "entropy_threshold": 1.0,
    "architecture": "3layer",
    "learning_rate": 0.001
  },
  "fold": 2,
  "metrics": {
    "accuracy": 0.6729191090269636,
    "f1": 0.7962016070124178,
    "precision": 0.7286096256684492,
    "recall": 0.8776167471819646,
    "auc": 0.46338636237436837,
    "val_accuracy": 0.6729191090269636,
    "val_f1": 0.7962016070124178,
    "val_precision": 0.7286096256684492,
    "val_recall": 0.8776167471819646,
    "val_auc": 0.46338636237436837
  },
  "model_path": "models/saved/cnn_100x100_overlap0.8_entropy1.0_3layer_fold2.h5",
  "history_path": "models/saved/cnn_100x100_overlap0.8_entropy1.0_3layer_fold2_history.json"
}