{
  "accuracy": [
    0.6141732335090637,
    0.6209223866462708,
    0.6625421643257141,
    0.681664764881134,
    0.7131608724594116,
    0.722159743309021,
    0.748031497001648,
    0.7637795209884644,
    0.7952755689620972,
    0.7986501455307007,
    0.8143982291221619,
    0.8267716765403748
  ],
  "loss": [
    0.8214476108551025,
    0.7309519648551941,
    0.6431611776351929,
    0.6340143084526062,
    0.5674937963485718,
    0.5237774848937988,
    0.47938698530197144,
    0.4821397066116333,
    0.43632397055625916,
    0.4085891544818878,
    0.39800846576690674,
    0.36262333393096924
  ],
  "val_accuracy": [
    0.5521885752677917,
    0.5521885752677917,
    0.5521885752677917,
    0.5521885752677917,
    0.5521885752677917,
    0.5521885752677917,
    0.5521885752677917,
    0.5521885752677917,
    0.5521885752677917,
    0.5488215684890747,
    0.5521885752677917,
    0.5622895359992981
  ],
  "val_loss": [
    1.3396002054214478,
    1.0388492345809937,
    1.5938736200332642,
    1.7855976819992065,
    2.416853427886963,
    1.77535080909729,
    2.26100492477417,
    2.26863169670105,
    1.9149476289749146,
    1.16512930393219,
    2.863861560821533,
    2.1519064903259277
  ],
  "learning_rate": [
    0.0010000000474974513,
    0.0010000000474974513,
    0.0010000000474974513,
    0.0010000000474974513,
    0.0010000000474974513,
    0.0010000000474974513,
    0.0010000000474974513,
    0.0005000000237487257,
    0.0005000000237487257,
    0.0005000000237487257,
    0.0005000000237487257,
    0.0005000000237487257
  ]
}