{
  "accuracy": [
    0.5213082432746887,
    0.5579782128334045,
    0.6045589447021484,
    0.6362735629081726,
    0.6382557153701782,
    0.7076312899589539,
    0.7304261922836304,
    0.7343904972076416,
    0.7512388229370117,
    0.7680872082710266,
    0.8225966095924377
  ],
  "loss": [
    1.849386215209961,
    1.1612640619277954,
    1.094697117805481,
    0.9961257576942444,
    0.9981700778007507,
    0.8634914755821228,
    0.8681677579879761,
    0.9404996633529663,
    0.7921257019042969,
    0.7600293159484863,
    0.6731029152870178
  ],
  "val_accuracy": [
    0.5101449489593506,
    0.5101449489593506,
    0.5101449489593506,
    0.5101449489593506,
    0.5101449489593506,
    0.5101449489593506,
    0.5101449489593506,
    0.5101449489593506,
    0.5101449489593506,
    0.5101449489593506,
    0.5101449489593506
  ],
  "val_loss": [
    0.7485234141349792,
    1.0377931594848633,
    2.0976061820983887,
    1.5655345916748047,
    2.806849479675293,
    2.91085147857666,
    2.174558162689209,
    6.676386833190918,
    7.8094587326049805,
    6.531754493713379,
    7.520159721374512
  ],
  "learning_rate": [
    0.0010000000474974513,
    0.0010000000474974513,
    0.0010000000474974513,
    0.0010000000474974513,
    0.0010000000474974513,
    0.0010000000474974513,
    0.0005000000237487257,
    0.0005000000237487257,
    0.0005000000237487257,
    0.0005000000237487257,
    0.0005000000237487257
  ]
}