{
  "hyperparameters": {
    "tile_h": 150,
    "tile_w": 150,
    "overlap": 0.8,
    "entropy_threshold": 3.0,
    "architecture": "5layer",
    "learning_rate": 0.001
  },
  "fold": 3,
  "metrics": {
    "accuracy": 0.5909661229611042,
    "f1": 0.24537037037037038,
    "precision": 0.8688524590163934,
    "recall": 0.14285714285714285,
    "auc": 0.5814130063399263,
    "val_accuracy": 0.5909661229611042,
    "val_f1": 0.24537037037037038,
    "val_precision": 0.8688524590163934,
    "val_recall": 0.14285714285714285,
    "val_auc": 0.5814130063399263
  },
  "model_path": "models/saved/cnn_150x150_overlap0.8_entropy3.0_5layer_fold3.keras",
  "history_path": "models/saved/cnn_150x150_overlap0.8_entropy3.0_5layer_fold3_history.json"
}