{
  "accuracy": [
    0.5700325965881348,
    0.6221498250961304,
    0.6818675398826599,
    0.6590662598609924,
    0.7133550643920898,
    0.7198697328567505,
    0.7187839150428772,
    0.7622149586677551,
    0.7850162982940674,
    0.8023887276649475,
    0.8175895810127258,
    0.846905529499054,
    0.8555917739868164,
    0.8621063828468323
  ],
  "loss": [
    0.9061902761459351,
    0.7998625636100769,
    0.6711366176605225,
    0.6818896532058716,
    0.5385248064994812,
    0.5605431795120239,
    0.5212604403495789,
    0.5123003125190735,
    0.4535916745662689,
    0.39654842019081116,
    0.39263126254081726,
    0.34119778871536255,
    0.32657501101493835,
    0.3188455104827881
  ],
  "val_accuracy": [
    0.5358490347862244,
    0.5358490347862244,
    0.5358490347862244,
    0.5358490347862244,
    0.5358490347862244,
    0.5358490347862244,
    0.46415093541145325,
    0.5358490347862244,
    0.5358490347862244,
    0.5886792540550232,
    0.4716981053352356,
    0.5358490347862244,
    0.46037736535072327,
    0.5509433746337891
  ],
  "val_loss": [
    1.3195666074752808,
    0.9356589317321777,
    0.9149129390716553,
    0.741725742816925,
    0.9498307108879089,
    2.0890536308288574,
    0.9597322940826416,
    4.108224391937256,
    5.55202054977417,
    2.9313814640045166,
    1.348020315170288,
    7.151632308959961,
    1.4412943124771118,
    1.7461943626403809
  ],
  "learning_rate": [
    0.0010000000474974513,
    0.0010000000474974513,
    0.0010000000474974513,
    0.0010000000474974513,
    0.0010000000474974513,
    0.0010000000474974513,
    0.0010000000474974513,
    0.0010000000474974513,
    0.0010000000474974513,
    0.0005000000237487257,
    0.0005000000237487257,
    0.0005000000237487257,
    0.0005000000237487257,
    0.0005000000237487257
  ]
}