{
  "accuracy": [
    0.5574229955673218,
    0.6134454011917114,
    0.6797385811805725,
    0.6704015135765076,
    0.6909430623054504,
    0.7040149569511414,
    0.7068160772323608,
    0.7385621070861816,
    0.7366946935653687,
    0.76563960313797,
    0.7768440842628479
  ],
  "loss": [
    0.8844019174575806,
    0.7652644515037537,
    0.6830142736434937,
    0.7013525366783142,
    0.6608956456184387,
    0.6337023377418518,
    0.6280192732810974,
    0.6156454682350159,
    0.558709979057312,
    0.5063483119010925,
    0.5366640686988831
  ],
  "val_accuracy": [
    0.4792122542858124,
    0.4792122542858124,
    0.4792122542858124,
    0.4792122542858124,
    0.4792122542858124,
    0.4792122542858124,
    0.4792122542858124,
    0.4792122542858124,
    0.4792122542858124,
    0.4792122542858124,
    0.4792122542858124
  ],
  "val_loss": [
    0.7295637130737305,
    0.8661031723022461,
    1.0910948514938354,
    1.4676188230514526,
    1.8762171268463135,
    2.4507763385772705,
    3.4287471771240234,
    6.138502597808838,
    8.302653312683105,
    8.302617073059082,
    8.302597999572754
  ],
  "learning_rate": [
    0.0010000000474974513,
    0.0010000000474974513,
    0.0010000000474974513,
    0.0010000000474974513,
    0.0010000000474974513,
    0.0010000000474974513,
    0.0005000000237487257,
    0.0005000000237487257,
    0.0005000000237487257,
    0.0005000000237487257,
    0.0005000000237487257
  ]
}