{
  "accuracy": [
    0.5479452013969421,
    0.59543377161026,
    0.6082192063331604,
    0.6365296840667725,
    0.6347032189369202,
    0.6465753316879272,
    0.6785387992858887,
    0.6767123341560364,
    0.6858447194099426,
    0.6949771642684937,
    0.6904109716415405
  ],
  "loss": [
    0.915539026260376,
    0.7684258818626404,
    0.7289383411407471,
    0.7235395312309265,
    0.6877528429031372,
    0.686240553855896,
    0.6445565223693848,
    0.6330204010009766,
    0.6225906610488892,
    0.6092936992645264,
    0.6289625763893127
  ],
  "val_accuracy": [
    0.5113636255264282,
    0.5113636255264282,
    0.4886363744735718,
    0.4886363744735718,
    0.4857954680919647,
    0.5085227489471436,
    0.35227271914482117,
    0.5028409361839294,
    0.4829545319080353,
    0.40625,
    0.3494318127632141
  ],
  "val_loss": [
    0.6995651125907898,
    0.7064697742462158,
    0.7427564263343811,
    0.7486827373504639,
    0.7119635939598083,
    0.7699499726295471,
    0.7826890349388123,
    0.8441133499145508,
    0.9416608214378357,
    1.2775698900222778,
    1.074847936630249
  ],
  "learning_rate": [
    0.0010000000474974513,
    0.0010000000474974513,
    0.0010000000474974513,
    0.0010000000474974513,
    0.0010000000474974513,
    0.0010000000474974513,
    0.0005000000237487257,
    0.0005000000237487257,
    0.0005000000237487257,
    0.0005000000237487257,
    0.0005000000237487257
  ]
}