{
  "accuracy": [
    0.6327409744262695,
    0.6650511622428894,
    0.6973613500595093,
    0.7345180511474609,
    0.7334410548210144,
    0.7393645644187927,
    0.7942918539047241,
    0.8072159290313721,
    0.8282175660133362,
    0.826602041721344,
    0.841680109500885,
    0.8572967052459717,
    0.8427571058273315,
    0.8680667877197266,
    0.8583737015724182,
    0.888529896736145,
    0.901453971862793,
    0.9095314741134644,
    0.8998384475708008,
    0.9063004851341248
  ],
  "loss": [
    0.6917144060134888,
    0.5985294580459595,
    0.5633464455604553,
    0.5237569212913513,
    0.5157309174537659,
    0.5094583630561829,
    0.4268224537372589,
    0.4159153699874878,
    0.36787116527557373,
    0.35711055994033813,
    0.3408438563346863,
    0.3194030225276947,
    0.3546166718006134,
    0.31876835227012634,
    0.30900296568870544,
    0.25962111353874207,
    0.23098225891590118,
    0.23697461187839508,
    0.23877234756946564,
    0.22086340188980103
  ],
  "val_accuracy": [
    0.46549561619758606,
    0.46549561619758606,
    0.46549561619758606,
    0.4667503237724304,
    0.49811795353889465,
    0.48808029294013977,
    0.5508155822753906,
    0.5043914914131165,
    0.47302383184432983,
    0.5934755206108093,
    0.5922208428382874,
    0.6035131812095642,
    0.4930991232395172,
    0.4604767858982086,
    0.6361355185508728,
    0.5031367540359497,
    0.4943538308143616,
    0.6135508418083191,
    0.6775407791137695,
    0.616060197353363
  ],
  "val_loss": [
    0.9016358852386475,
    2.186927318572998,
    2.7191550731658936,
    3.317625045776367,
    4.325961112976074,
    4.60684871673584,
    2.9488420486450195,
    1.1959706544876099,
    9.113758087158203,
    0.7052639126777649,
    1.5110453367233276,
    1.0847806930541992,
    10.281654357910156,
    14.998716354370117,
    0.9955826997756958,
    4.877303123474121,
    5.378275394439697,
    1.4982010126113892,
    0.976803183555603,
    1.1586600542068481
  ],
  "learning_rate": [
    0.0010000000474974513,
    0.0010000000474974513,
    0.0010000000474974513,
    0.0010000000474974513,
    0.0010000000474974513,
    0.0010000000474974513,
    0.0005000000237487257,
    0.0005000000237487257,
    0.0005000000237487257,
    0.0005000000237487257,
    0.0005000000237487257,
    0.0005000000237487257,
    0.0005000000237487257,
    0.0005000000237487257,
    0.0005000000237487257,
    0.0002500000118743628,
    0.0002500000118743628,
    0.0002500000118743628,
    0.0002500000118743628,
    0.0002500000118743628
  ]
}