{
  "hyperparameters": {
    "tile_h": 100,
    "tile_w": 100,
    "overlap": 0.8,
    "entropy_threshold": 1.0,
    "architecture": "3layer",
    "learning_rate": 0.001
  },
  "fold": 3,
  "metrics": {
    "accuracy": 0.6357947434292867,
    "f1": 0.5701624815361891,
    "precision": 0.8693693693693694,
    "recall": 0.42417582417582417,
    "auc": 0.7868770764119601,
    "val_accuracy": 0.6357947434292867,
    "val_f1": 0.5701624815361891,
    "val_precision": 0.8693693693693694,
    "val_recall": 0.42417582417582417,
    "val_auc": 0.7868770764119601
  },
  "model_path": "models/saved/cnn_100x100_overlap0.8_entropy1.0_3layer_fold3.h5",
  "history_path": "models/saved/cnn_100x100_overlap0.8_entropy1.0_3layer_fold3_history.json"
}