{
  "accuracy": [
    0.5772238373756409,
    0.6246334314346313,
    0.6754643321037292,
    0.7126099467277527,
    0.7502443790435791,
    0.764418363571167,
    0.7903226017951965,
    0.7947214245796204,
    0.8211143612861633,
    0.8304007649421692,
    0.8704789876937866,
    0.8787878751754761,
    0.9037145376205444,
    0.9017595052719116,
    0.9120234847068787
  ],
  "loss": [
    0.9381015300750732,
    0.7565955519676208,
    0.6262526512145996,
    0.5746504068374634,
    0.5175307393074036,
    0.5253893733024597,
    0.4691658914089203,
    0.45240694284439087,
    0.40605419874191284,
    0.38985779881477356,
    0.32041043043136597,
    0.29431816935539246,
    0.2477344572544098,
    0.231812983751297,
    0.21684087812900543
  ],
  "val_accuracy": [
    0.5230262875556946,
    0.47697368264198303,
    0.44078946113586426,
    0.6513158082962036,
    0.6299341917037964,
    0.5032894611358643,
    0.5838815569877625,
    0.5871710777282715,
    0.5230262875556946,
    0.5641447305679321,
    0.6463815569877625,
    0.6496710777282715,
    0.6809210777282715,
    0.46052631735801697,
    0.6200658082962036
  ],
  "val_loss": [
    1.1336076259613037,
    1.3419084548950195,
    0.8949785828590393,
    0.7552716135978699,
    0.6504289507865906,
    0.8818287253379822,
    1.0973631143569946,
    1.1187114715576172,
    4.293577194213867,
    1.8408972024917603,
    1.051242709159851,
    1.501074194908142,
    2.2443339824676514,
    3.3978006839752197,
    1.956626296043396
  ],
  "learning_rate": [
    0.0010000000474974513,
    0.0010000000474974513,
    0.0010000000474974513,
    0.0010000000474974513,
    0.0010000000474974513,
    0.0010000000474974513,
    0.0010000000474974513,
    0.0010000000474974513,
    0.0010000000474974513,
    0.0010000000474974513,
    0.0005000000237487257,
    0.0005000000237487257,
    0.0005000000237487257,
    0.0005000000237487257,
    0.0005000000237487257
  ]
}