{
  "hyperparameters": {
    "tile_h": 150,
    "tile_w": 150,
    "overlap": 0.8,
    "entropy_threshold": 3.0,
    "architecture": "5layer",
    "learning_rate": 0.001
  },
  "fold": 4,
  "metrics": {
    "accuracy": 0.5387387387387388,
    "f1": 0.681592039800995,
    "precision": 0.5372549019607843,
    "recall": 0.9319727891156463,
    "auc": 0.4405869627544504,
    "val_accuracy": 0.5387387387387388,
    "val_f1": 0.681592039800995,
    "val_precision": 0.5372549019607843,
    "val_recall": 0.9319727891156463,
    "val_auc": 0.4405869627544504
  },
  "model_path": "models/saved/cnn_150x150_overlap0.8_entropy3.0_5layer_fold4.keras",
  "history_path": "models/saved/cnn_150x150_overlap0.8_entropy3.0_5layer_fold4_history.json"
}