{
  "accuracy": [
    0.5386740565299988,
    0.5755064487457275,
    0.5690608024597168,
    0.6224677562713623,
    0.6178637146949768,
    0.6685082912445068,
    0.6675874590873718,
    0.6786372065544128,
    0.6988950371742249,
    0.6942909955978394,
    0.7375690340995789
  ],
  "loss": [
    0.8491961359977722,
    0.7450223565101624,
    0.7276074290275574,
    0.687997579574585,
    0.6790766716003418,
    0.6279343366622925,
    0.6257597804069519,
    0.6088570952415466,
    0.5731944441795349,
    0.5716977715492249,
    0.5369251370429993
  ],
  "val_accuracy": [
    0.4886363744735718,
    0.3948863744735718,
    0.5170454382896423,
    0.4886363744735718,
    0.5113636255264282,
    0.4886363744735718,
    0.4886363744735718,
    0.4886363744735718,
    0.4886363744735718,
    0.4886363744735718,
    0.4886363744735718
  ],
  "val_loss": [
    0.6935864090919495,
    0.7044490575790405,
    0.7032170295715332,
    0.7192510366439819,
    0.7153992056846619,
    0.7513360381126404,
    0.7253097891807556,
    0.7490159869194031,
    0.7940019965171814,
    0.8018168807029724,
    0.7790489196777344
  ],
  "learning_rate": [
    0.0010000000474974513,
    0.0010000000474974513,
    0.0010000000474974513,
    0.0010000000474974513,
    0.0010000000474974513,
    0.0010000000474974513,
    0.0005000000237487257,
    0.0005000000237487257,
    0.0005000000237487257,
    0.0005000000237487257,
    0.0005000000237487257
  ]
}