{
  "accuracy": [
    0.6077708601951599,
    0.6608054637908936,
    0.6934202909469604,
    0.6999433040618896,
    0.7521270513534546,
    0.7583664059638977,
    0.8148043155670166,
    0.846001148223877,
    0.8567782044410706,
    0.8678389191627502,
    0.8842881321907043,
    0.8788995742797852,
    0.8964832425117493,
    0.8902438879013062,
    0.9344866871833801,
    0.9395915865898132,
    0.9429948925971985,
    0.9410096406936646,
    0.9463981986045837,
    0.9429948925971985,
    0.9506523013114929,
    0.9526375532150269,
    0.968235969543457,
    0.9619966149330139,
    0.968235969543457,
    0.9696540236473083,
    0.9676687717437744
  ],
  "loss": [
    0.8201284408569336,
    0.6306914687156677,
    0.5792445540428162,
    0.5615668296813965,
    0.48810508847236633,
    0.4774564504623413,
    0.385339617729187,
    0.3384518027305603,
    0.3320976495742798,
    0.2972979247570038,
    0.2705000936985016,
    0.2696639895439148,
    0.23258069157600403,
    0.26438289880752563,
    0.16797493398189545,
    0.15642400085926056,
    0.14816196262836456,
    0.14792197942733765,
    0.1305830478668213,
    0.13961873948574066,
    0.12233389168977737,
    0.11928393691778183,
    0.0890522226691246,
    0.1029127910733223,
    0.08819982409477234,
    0.08403921127319336,
    0.08850420266389847
  ],
  "val_accuracy": [
    0.49229520559310913,
    0.49229520559310913,
    0.46390917897224426,
    0.49229520559310913,
    0.4955393373966217,
    0.4752635955810547,
    0.6058394312858582,
    0.5214923024177551,
    0.573398232460022,
    0.5020275712013245,
    0.6171938180923462,
    0.49229520559310913,
    0.5125709772109985,
    0.4630981385707855,
    0.6220600008964539,
    0.6244931221008301,
    0.7388483285903931,
    0.5304136276245117,
    0.6293593049049377,
    0.4914841949939728,
    0.569343090057373,
    0.6707218289375305,
    0.5450121760368347,
    0.5271695256233215,
    0.6593673825263977,
    0.6496350169181824,
    0.5888077616691589
  ],
  "val_loss": [
    0.8722512125968933,
    0.9534028768539429,
    1.4598829746246338,
    2.1504321098327637,
    1.2077841758728027,
    2.5735175609588623,
    2.4892477989196777,
    5.977789878845215,
    0.8015961050987244,
    3.8976640701293945,
    1.1378650665283203,
    5.437160015106201,
    6.951609134674072,
    2.564554214477539,
    1.229202389717102,
    0.7647721171379089,
    0.6831404566764832,
    4.630860328674316,
    2.8515875339508057,
    7.204747200012207,
    7.035134792327881,
    1.5625051259994507,
    9.429152488708496,
    2.466848373413086,
    0.9444626569747925,
    1.1203762292861938,
    1.4723104238510132
  ],
  "learning_rate": [
    0.0010000000474974513,
    0.0010000000474974513,
    0.0010000000474974513,
    0.0010000000474974513,
    0.0010000000474974513,
    0.0010000000474974513,
    0.0005000000237487257,
    0.0005000000237487257,
    0.0005000000237487257,
    0.0005000000237487257,
    0.0005000000237487257,
    0.0005000000237487257,
    0.0005000000237487257,
    0.0005000000237487257,
    0.0002500000118743628,
    0.0002500000118743628,
    0.0002500000118743628,
    0.0002500000118743628,
    0.0002500000118743628,
    0.0002500000118743628,
    0.0002500000118743628,
    0.0002500000118743628,
    0.0001250000059371814,
    0.0001250000059371814,
    0.0001250000059371814,
    0.0001250000059371814,
    0.0001250000059371814
  ]
}