{
  "accuracy": [
    0.5719591379165649,
    0.5858867168426514,
    0.581244170665741,
    0.6118848919868469,
    0.5979573130607605,
    0.6239554286003113,
    0.6332404613494873,
    0.6564531326293945,
    0.6490250825881958,
    0.6973073482513428,
    0.7121633887290955,
    0.736304521560669,
    0.7353760600090027,
    0.7808728218078613,
    0.7929433584213257,
    0.7994428873062134,
    0.8180130124092102
  ],
  "loss": [
    0.9827830791473389,
    0.797410249710083,
    0.7466102242469788,
    0.7236543893814087,
    0.7492672801017761,
    0.7402660846710205,
    0.7137452960014343,
    0.6672248244285583,
    0.6957046389579773,
    0.6793554425239563,
    0.628832221031189,
    0.576870858669281,
    0.6278635263442993,
    0.49862435460090637,
    0.4806784987449646,
    0.520358145236969,
    0.4387960433959961
  ],
  "val_accuracy": [
    0.2864864766597748,
    0.2864864766597748,
    0.2864864766597748,
    0.7702702879905701,
    0.7891891598701477,
    0.2918919026851654,
    0.7135134935379028,
    0.7135134935379028,
    0.7135134935379028,
    0.7135134935379028,
    0.7135134935379028,
    0.7135134935379028,
    0.7135134935379028,
    0.7135134935379028,
    0.7135134935379028,
    0.683783769607544,
    0.7135134935379028
  ],
  "val_loss": [
    0.8315213322639465,
    0.8750791549682617,
    0.9886158108711243,
    0.6713601350784302,
    0.6674836277961731,
    0.7095844745635986,
    0.5867460370063782,
    0.6098098158836365,
    0.727046549320221,
    1.0912917852401733,
    1.5679588317871094,
    3.9967541694641113,
    1.3055721521377563,
    4.161289215087891,
    3.281182050704956,
    1.9214223623275757,
    3.0193018913269043
  ],
  "learning_rate": [
    0.0010000000474974513,
    0.0010000000474974513,
    0.0010000000474974513,
    0.0010000000474974513,
    0.0010000000474974513,
    0.0010000000474974513,
    0.0010000000474974513,
    0.0010000000474974513,
    0.0010000000474974513,
    0.0010000000474974513,
    0.0010000000474974513,
    0.0010000000474974513,
    0.0005000000237487257,
    0.0005000000237487257,
    0.0005000000237487257,
    0.0005000000237487257,
    0.0005000000237487257
  ]
}