{
  "hyperparameters": {
    "tile_h": 150,
    "tile_w": 150,
    "overlap": 0.8,
    "entropy_threshold": 3.0,
    "architecture": "3layer",
    "learning_rate": 0.001
  },
  "fold": 3,
  "metrics": {
    "accuracy": 0.5934755332496863,
    "f1": 0.4889589905362776,
    "precision": 0.5893536121673004,
    "recall": 0.41778975741239893,
    "auc": 0.5741935892082053,
    "val_accuracy": 0.5934755332496863,
    "val_f1": 0.4889589905362776,
    "val_precision": 0.5893536121673004,
    "val_recall": 0.41778975741239893,
    "val_auc": 0.5741935892082053
  },
  "model_path": "models/saved/cnn_150x150_overlap0.8_entropy3.0_3layer_fold3.h5",
  "history_path": "models/saved/cnn_150x150_overlap0.8_entropy3.0_3layer_fold3_history.json"
}