{
  "hyperparameters": {
    "tile_h": 250,
    "tile_w": 250,
    "overlap": 0.8,
    "entropy_threshold": 1,
    "architecture": "3layer",
    "learning_rate": 0.001,
    "batch_size": 64,
    "classification_threshold": 0.4
  },
  "fold": 3,
  "metrics": {
    "tile_accuracy": 0.5642201834862385,
    "tile_f1": 0.7214076246334311,
    "tile_precision": 0.5642201834862385,
    "tile_recall": 1.0,
    "tile_auc": 0.36863500213949507,
    "img_accuracy": 0.5454545454545454,
    "img_f1": 0.7058823529411765,
    "img_precision": 0.5454545454545454,
    "img_recall": 1.0,
    "img_auc": 0.33333333333333326
  },
  "model_path": "models/saved/cnn_250x250_overlap0.8_entropy1.0_3layer_fold3.keras",
  "history_path": "models/saved/cnn_250x250_overlap0.8_entropy1.0_3layer_fold3_history.json"
}