{
  "accuracy": [
    0.561170220375061,
    0.591312050819397,
    0.6143617033958435,
    0.618794322013855,
    0.6569148898124695,
    0.6551418304443359,
    0.6843971610069275,
    0.7083333134651184,
    0.7198581695556641,
    0.7109929323196411,
    0.6666666865348816,
    0.7021276354789734,
    0.7526595592498779,
    0.7553191781044006,
    0.7677304744720459
  ],
  "loss": [
    0.7985572218894958,
    0.7290614247322083,
    0.6772416234016418,
    0.683953583240509,
    0.6306574940681458,
    0.6544904708862305,
    0.6215192675590515,
    0.5679920315742493,
    0.5692805051803589,
    0.6417627930641174,
    0.7095321416854858,
    0.6385141611099243,
    0.5296735167503357,
    0.535591185092926,
    0.5348379015922546
  ],
  "val_accuracy": [
    0.5064516067504883,
    0.46451613306999207,
    0.46451613306999207,
    0.46451613306999207,
    0.5354838967323303,
    0.5354838967323303,
    0.5354838967323303,
    0.5,
    0.5354838967323303,
    0.5774193406105042,
    0.5354838967323303,
    0.5354838967323303,
    0.5354838967323303,
    0.5354838967323303,
    0.5354838967323303
  ],
  "val_loss": [
    0.6937041282653809,
    0.6941986083984375,
    0.6999500393867493,
    0.7459499835968018,
    0.6909853219985962,
    0.6916173696517944,
    0.7006042003631592,
    0.6937305331230164,
    0.832462728023529,
    0.7097120881080627,
    0.7793059349060059,
    1.120150089263916,
    2.0505428314208984,
    3.1364080905914307,
    3.4022536277770996
  ],
  "learning_rate": [
    0.0010000000474974513,
    0.0010000000474974513,
    0.0010000000474974513,
    0.0010000000474974513,
    0.0010000000474974513,
    0.0010000000474974513,
    0.0010000000474974513,
    0.0010000000474974513,
    0.0010000000474974513,
    0.0010000000474974513,
    0.0005000000237487257,
    0.0005000000237487257,
    0.0005000000237487257,
    0.0005000000237487257,
    0.0005000000237487257
  ]
}