{
  "hyperparameters": {
    "tile_h": 200,
    "tile_w": 200,
    "overlap": 0.8,
    "entropy_threshold": 1.0,
    "architecture": "5layer",
    "learning_rate": 0.001
  },
  "fold": 2,
  "metrics": {
    "accuracy": 0.6847133757961783,
    "f1": 0.8128544423440454,
    "precision": 0.6847133757961783,
    "recall": 1.0,
    "auc": 0.34296452901104063,
    "val_accuracy": 0.6847133757961783,
    "val_f1": 0.8128544423440454,
    "val_precision": 0.6847133757961783,
    "val_recall": 1.0,
    "val_auc": 0.34296452901104063
  },
  "model_path": "models/saved/cnn_200x200_overlap0.8_entropy1.0_5layer_fold2.keras",
  "history_path": "models/saved/cnn_200x200_overlap0.8_entropy1.0_5layer_fold2_history.json"
}