{
  "hyperparameters": {
    "tile_h": 100,
    "tile_w": 100,
    "overlap": 0.5,
    "entropy_threshold": 2.0,
    "architecture": "5layer",
    "learning_rate": 0.001
  },
  "fold": 3,
  "metrics": {
    "accuracy": 0.7388483373884833,
    "f1": 0.7444444444444445,
    "precision": 0.7182235834609495,
    "recall": 0.7726523887973641,
    "auc": 0.836768583775021,
    "val_accuracy": 0.7388483373884833,
    "val_f1": 0.7444444444444445,
    "val_precision": 0.7182235834609495,
    "val_recall": 0.7726523887973641,
    "val_auc": 0.836768583775021
  },
  "model_path": "models/saved/cnn_100x100_overlap0.5_entropy2.0_5layer_fold3.keras",
  "history_path": "models/saved/cnn_100x100_overlap0.5_entropy2.0_5layer_fold3_history.json"
}