{
  "accuracy": [
    0.5627840757369995,
    0.5920454263687134,
    0.652556836605072,
    0.6673295497894287,
    0.7056818008422852,
    0.734375,
    0.7548295259475708,
    0.7855113744735718,
    0.7866477370262146,
    0.8193181753158569,
    0.8423295617103577,
    0.8491477370262146,
    0.8857954740524292,
    0.9042613506317139,
    0.9204545617103577,
    0.9281250238418579,
    0.9312499761581421
  ],
  "loss": [
    0.8733397722244263,
    0.7323545813560486,
    0.6335200667381287,
    0.5911667346954346,
    0.5445033311843872,
    0.5029944777488708,
    0.48332494497299194,
    0.43789252638816833,
    0.4393545687198639,
    0.3864303231239319,
    0.34674736857414246,
    0.3378531336784363,
    0.27694058418273926,
    0.22218917310237885,
    0.20036014914512634,
    0.17894123494625092,
    0.18519562482833862
  ],
  "val_accuracy": [
    0.33252623677253723,
    0.41081517934799194,
    0.4995964467525482,
    0.4043583571910858,
    0.7384988069534302,
    0.4648910462856293,
    0.6900726556777954,
    0.7247780561447144,
    0.3712671399116516,
    0.39870864152908325,
    0.6779661178588867,
    0.5698143839836121,
    0.6553672552108765,
    0.37530267238616943,
    0.6642453670501709,
    0.7336561679840088,
    0.727199375629425
  ],
  "val_loss": [
    0.9025002121925354,
    0.8133322596549988,
    0.8773791193962097,
    0.8961824178695679,
    1.4230999946594238,
    1.0257400274276733,
    0.6768622994422913,
    0.7080468535423279,
    1.4141415357589722,
    1.5383238792419434,
    1.4445337057113647,
    1.0862878561019897,
    1.1165398359298706,
    2.0937628746032715,
    2.130899667739868,
    2.087170124053955,
    2.5988707542419434
  ],
  "learning_rate": [
    0.0010000000474974513,
    0.0010000000474974513,
    0.0010000000474974513,
    0.0010000000474974513,
    0.0010000000474974513,
    0.0010000000474974513,
    0.0010000000474974513,
    0.0010000000474974513,
    0.0010000000474974513,
    0.0010000000474974513,
    0.0010000000474974513,
    0.0010000000474974513,
    0.0005000000237487257,
    0.0005000000237487257,
    0.0005000000237487257,
    0.0005000000237487257,
    0.0005000000237487257
  ]
}