{
  "accuracy": [
    0.5328892469406128,
    0.5878434777259827,
    0.6236469745635986,
    0.5911740064620972,
    0.6103247404098511,
    0.6236469745635986,
    0.6294754147529602,
    0.5945045948028564,
    0.6336386203765869,
    0.6369692087173462,
    0.6611157655715942,
    0.681931734085083,
    0.7127394080162048,
    0.7485429048538208
  ],
  "loss": [
    0.9084661602973938,
    0.7619385719299316,
    0.7200254201889038,
    0.7755445837974548,
    0.7653478980064392,
    0.7254742383956909,
    0.7157852649688721,
    0.7490750551223755,
    0.7140318155288696,
    0.6676102876663208,
    0.6659399271011353,
    0.6151463985443115,
    0.5929747223854065,
    0.5419402122497559
  ],
  "val_accuracy": [
    0.44648319482803345,
    0.44648319482803345,
    0.4862385392189026,
    0.574923574924469,
    0.5535168051719666,
    0.5535168051719666,
    0.5535168051719666,
    0.5107033848762512,
    0.5535168051719666,
    0.5535168051719666,
    0.5535168051719666,
    0.5535168051719666,
    0.5535168051719666,
    0.5535168051719666
  ],
  "val_loss": [
    0.7073463201522827,
    0.7073801755905151,
    0.6906988620758057,
    0.690334141254425,
    0.7044079899787903,
    0.8566313982009888,
    0.7406524419784546,
    0.75761878490448,
    1.24518620967865,
    1.023044228553772,
    1.21564519405365,
    1.3801074028015137,
    1.1367820501327515,
    2.3585009574890137
  ],
  "learning_rate": [
    0.0010000000474974513,
    0.0010000000474974513,
    0.0010000000474974513,
    0.0010000000474974513,
    0.0010000000474974513,
    0.0010000000474974513,
    0.0010000000474974513,
    0.0010000000474974513,
    0.0010000000474974513,
    0.0005000000237487257,
    0.0005000000237487257,
    0.0005000000237487257,
    0.0005000000237487257,
    0.0005000000237487257
  ]
}