{
  "hyperparameters": {
    "tile_h": 150,
    "tile_w": 150,
    "overlap": 0.8,
    "entropy_threshold": 3.0,
    "architecture": "3layer",
    "learning_rate": 0.001
  },
  "fold": 1,
  "metrics": {
    "accuracy": 0.5032894736842105,
    "f1": 0.6480186480186481,
    "precision": 0.5148148148148148,
    "recall": 0.8742138364779874,
    "auc": 0.6557688137063544,
    "val_accuracy": 0.5032894736842105,
    "val_f1": 0.6480186480186481,
    "val_precision": 0.5148148148148148,
    "val_recall": 0.8742138364779874,
    "val_auc": 0.6557688137063544
  },
  "model_path": "models/saved/cnn_150x150_overlap0.8_entropy3.0_3layer_fold1.h5",
  "history_path": "models/saved/cnn_150x150_overlap0.8_entropy3.0_3layer_fold1_history.json"
}