{
  "hyperparameters": {
    "tile_h": 100,
    "tile_w": 100,
    "overlap": 0.8,
    "entropy_threshold": 2.0,
    "architecture": "3layer",
    "learning_rate": 0.001
  },
  "fold": 4,
  "metrics": {
    "accuracy": 0.5387523629489603,
    "f1": 0.6746666666666666,
    "precision": 0.5530054644808743,
    "recall": 0.864957264957265,
    "auc": 0.4835835998626697,
    "val_accuracy": 0.5387523629489603,
    "val_f1": 0.6746666666666666,
    "val_precision": 0.5530054644808743,
    "val_recall": 0.864957264957265,
    "val_auc": 0.4835835998626697
  },
  "model_path": "models/saved/cnn_100x100_overlap0.8_entropy2.0_3layer_fold4.h5",
  "history_path": "models/saved/cnn_100x100_overlap0.8_entropy2.0_3layer_fold4_history.json"
}