{
  "accuracy": [
    0.5852040648460388,
    0.6285714507102966,
    0.6704081892967224,
    0.6795918345451355,
    0.6923469305038452,
    0.7290816307067871,
    0.7367346882820129,
    0.7520408034324646,
    0.7872449159622192,
    0.8051020503044128,
    0.8244897723197937,
    0.8510203957557678,
    0.8551020622253418
  ],
  "loss": [
    0.7279682159423828,
    0.6369287967681885,
    0.6060182452201843,
    0.5784006714820862,
    0.5702168941497803,
    0.5462753176689148,
    0.5179707407951355,
    0.4998166859149933,
    0.44376468658447266,
    0.41167816519737244,
    0.39808279275894165,
    0.3468646705150604,
    0.3429667353630066
  ],
  "val_accuracy": [
    0.25072047114372253,
    0.25072047114372253,
    0.7694524526596069,
    0.21902017295360565,
    0.2795388996601105,
    0.4942363202571869,
    0.39769452810287476,
    0.651296854019165,
    0.4755043089389801,
    0.5662823915481567,
    0.7391930818557739,
    0.7463976740837097,
    0.3011527359485626
  ],
  "val_loss": [
    0.8259781002998352,
    0.9079967737197876,
    0.6056677103042603,
    1.1944947242736816,
    2.4366955757141113,
    1.1065195798873901,
    1.554357647895813,
    0.6262718439102173,
    1.5803155899047852,
    1.192753553390503,
    1.0037256479263306,
    1.3757708072662354,
    3.3997812271118164
  ],
  "learning_rate": [
    0.0010000000474974513,
    0.0010000000474974513,
    0.0010000000474974513,
    0.0010000000474974513,
    0.0010000000474974513,
    0.0010000000474974513,
    0.0010000000474974513,
    0.0010000000474974513,
    0.0005000000237487257,
    0.0005000000237487257,
    0.0005000000237487257,
    0.0005000000237487257,
    0.0005000000237487257
  ]
}