{
  "hyperparameters": {
    "tile_h": 200,
    "tile_w": 200,
    "overlap": 0.8,
    "entropy_threshold": 1.0,
    "architecture": "5layer",
    "learning_rate": 0.001
  },
  "fold": 3,
  "metrics": {
    "accuracy": 0.734006734006734,
    "f1": 0.7285223367697594,
    "precision": 0.8346456692913385,
    "recall": 0.6463414634146342,
    "auc": 0.870552906656886,
    "val_accuracy": 0.734006734006734,
    "val_f1": 0.7285223367697594,
    "val_precision": 0.8346456692913385,
    "val_recall": 0.6463414634146342,
    "val_auc": 0.870552906656886
  },
  "model_path": "models/saved/cnn_200x200_overlap0.8_entropy1.0_5layer_fold3.keras",
  "history_path": "models/saved/cnn_200x200_overlap0.8_entropy1.0_5layer_fold3_history.json"
}