{
  "accuracy": [
    0.5965198278427124,
    0.6598694920539856,
    0.6794453263282776,
    0.6865144371986389,
    0.7117999196052551,
    0.7490484118461609,
    0.7667210698127747,
    0.8053289651870728,
    0.8249048590660095,
    0.844208836555481,
    0.8447526097297668
  ],
  "loss": [
    0.6910223364830017,
    0.5983976125717163,
    0.5719611048698425,
    0.56275475025177,
    0.5341479182243347,
    0.5032348036766052,
    0.4571092128753662,
    0.4149184823036194,
    0.39045798778533936,
    0.3482212722301483,
    0.3429986834526062
  ],
  "val_accuracy": [
    0.5387523770332336,
    0.5652173757553101,
    0.5529300570487976,
    0.5085065960884094,
    0.5387523770332336,
    0.5604915022850037,
    0.46313798427581787,
    0.5085065960884094,
    0.677693784236908,
    0.553875207901001,
    0.47258979082107544
  ],
  "val_loss": [
    0.7273882627487183,
    0.7824545502662659,
    1.7561705112457275,
    1.2713536024093628,
    0.8802246451377869,
    0.8163097500801086,
    1.2320971488952637,
    1.7049638032913208,
    1.0787922143936157,
    1.8664343357086182,
    1.3192628622055054
  ],
  "learning_rate": [
    0.0010000000474974513,
    0.0010000000474974513,
    0.0010000000474974513,
    0.0010000000474974513,
    0.0010000000474974513,
    0.0010000000474974513,
    0.0005000000237487257,
    0.0005000000237487257,
    0.0005000000237487257,
    0.0005000000237487257,
    0.0005000000237487257
  ]
}