{
  "accuracy": [
    0.5791284441947937,
    0.6215596199035645,
    0.6158257126808167,
    0.6490825414657593,
    0.6536697149276733,
    0.7052752375602722,
    0.6949541568756104,
    0.728210985660553,
    0.7649082541465759,
    0.8337156176567078,
    0.8486238718032837,
    0.8417431116104126,
    0.8222476840019226
  ],
  "loss": [
    0.863390326499939,
    0.7121631503105164,
    0.723234236240387,
    0.6766127347946167,
    0.6495978832244873,
    0.5913990139961243,
    0.6027831435203552,
    0.5215781927108765,
    0.4643169343471527,
    0.371103972196579,
    0.3519531488418579,
    0.35755541920661926,
    0.38293778896331787
  ],
  "val_accuracy": [
    0.6847133636474609,
    0.31528663635253906,
    0.6847133636474609,
    0.6847133636474609,
    0.31528663635253906,
    0.42993631958961487,
    0.675159215927124,
    0.656050980091095,
    0.6847133636474609,
    0.37261146306991577,
    0.656050980091095,
    0.6847133636474609,
    0.5828025341033936
  ],
  "val_loss": [
    0.6793222427368164,
    0.9422866106033325,
    0.639527440071106,
    0.7957438230514526,
    1.2776328325271606,
    0.800998866558075,
    0.9050612449645996,
    0.8047431111335754,
    2.1983020305633545,
    1.1309771537780762,
    1.1542630195617676,
    5.445858478546143,
    2.1841559410095215
  ],
  "learning_rate": [
    0.0010000000474974513,
    0.0010000000474974513,
    0.0010000000474974513,
    0.0010000000474974513,
    0.0010000000474974513,
    0.0010000000474974513,
    0.0010000000474974513,
    0.0010000000474974513,
    0.0005000000237487257,
    0.0005000000237487257,
    0.0005000000237487257,
    0.0005000000237487257,
    0.0005000000237487257
  ]
}