{
  "hyperparameters": {
    "tile_h": 100,
    "tile_w": 100,
    "overlap": 0.8,
    "entropy_threshold": 2.0,
    "architecture": "3layer",
    "learning_rate": 0.001
  },
  "fold": 3,
  "metrics": {
    "accuracy": 0.5991836734693877,
    "f1": 0.5674008810572687,
    "precision": 0.602996254681648,
    "recall": 0.5357737104825291,
    "auc": 0.6926010068688937,
    "val_accuracy": 0.5991836734693877,
    "val_f1": 0.5674008810572687,
    "val_precision": 0.602996254681648,
    "val_recall": 0.5357737104825291,
    "val_auc": 0.6926010068688937
  },
  "model_path": "models/saved/cnn_100x100_overlap0.8_entropy2.0_3layer_fold3.h5",
  "history_path": "models/saved/cnn_100x100_overlap0.8_entropy2.0_3layer_fold3_history.json"
}