{
  "accuracy": [
    0.5693187117576599,
    0.6007622480392456,
    0.6002858281135559,
    0.6398285031318665,
    0.6584087610244751,
    0.6898522973060608,
    0.67460697889328,
    0.7198665738105774,
    0.7474988102912903,
    0.7770366668701172,
    0.8080037832260132,
    0.803239643573761
  ],
  "loss": [
    0.912324070930481,
    0.7612484097480774,
    0.6967059373855591,
    0.642118513584137,
    0.6082053780555725,
    0.568361759185791,
    0.5826049447059631,
    0.5249589085578918,
    0.5066770911216736,
    0.4512605369091034,
    0.4276907742023468,
    0.42593836784362793
  ],
  "val_accuracy": [
    0.5297297239303589,
    0.5387387275695801,
    0.5297297239303589,
    0.5405405163764954,
    0.5423423647880554,
    0.477477490901947,
    0.5279279351234436,
    0.5621621608734131,
    0.5027027130126953,
    0.5243242979049683,
    0.5297297239303589,
    0.4612612724304199
  ],
  "val_loss": [
    0.9119400978088379,
    0.6953808069229126,
    0.6968773603439331,
    0.7386798858642578,
    0.9668472409248352,
    1.459104299545288,
    1.1445871591567993,
    1.1031415462493896,
    1.1054543256759644,
    1.3722257614135742,
    0.9736579060554504,
    3.233375072479248
  ],
  "learning_rate": [
    0.0010000000474974513,
    0.0010000000474974513,
    0.0010000000474974513,
    0.0010000000474974513,
    0.0010000000474974513,
    0.0010000000474974513,
    0.0010000000474974513,
    0.0005000000237487257,
    0.0005000000237487257,
    0.0005000000237487257,
    0.0005000000237487257,
    0.0005000000237487257
  ]
}