{
  "hyperparameters": {
    "tile_h": 150,
    "tile_w": 150,
    "overlap": 0.8,
    "entropy_threshold": 3.0,
    "architecture": "5layer",
    "learning_rate": 0.001
  },
  "fold": 2,
  "metrics": {
    "accuracy": 0.707492795389049,
    "f1": 0.816289592760181,
    "precision": 0.770940170940171,
    "recall": 0.8673076923076923,
    "auc": 0.5864168877099911,
    "val_accuracy": 0.707492795389049,
    "val_f1": 0.816289592760181,
    "val_precision": 0.770940170940171,
    "val_recall": 0.8673076923076923,
    "val_auc": 0.5864168877099911
  },
  "model_path": "models/saved/cnn_150x150_overlap0.8_entropy3.0_5layer_fold2.keras",
  "history_path": "models/saved/cnn_150x150_overlap0.8_entropy3.0_5layer_fold2_history.json"
}