{
  "accuracy": [
    0.6327409744262695,
    0.6715131998062134,
    0.6806677579879761,
    0.6871297955513,
    0.7022078633308411,
    0.723747968673706,
    0.7501346468925476,
    0.7732902765274048,
    0.7856758236885071,
    0.8131394982337952,
    0.8104469776153564,
    0.8190630078315735,
    0.835218071937561,
    0.8637587428092957,
    0.8718363046646118,
    0.879913866519928,
    0.886375904083252,
    0.8966074585914612
  ],
  "loss": [
    0.790891706943512,
    0.6791322827339172,
    0.6562325954437256,
    0.6171197295188904,
    0.5835921168327332,
    0.5447584390640259,
    0.5044981241226196,
    0.47872838377952576,
    0.45427316427230835,
    0.42243608832359314,
    0.39895856380462646,
    0.3899669647216797,
    0.3579072654247284,
    0.31172505021095276,
    0.2997695803642273,
    0.2976732850074768,
    0.27129465341567993,
    0.2525060176849365
  ],
  "val_accuracy": [
    0.46549561619758606,
    0.4642409086227417,
    0.46549561619758606,
    0.45671266317367554,
    0.5294855833053589,
    0.4642409086227417,
    0.46549561619758606,
    0.5909661054611206,
    0.5997490882873535,
    0.539523184299469,
    0.5345044136047363,
    0.5345044136047363,
    0.5608531832695007,
    0.4830614924430847,
    0.46549561619758606,
    0.5796737670898438,
    0.537013828754425,
    0.499372661113739
  ],
  "val_loss": [
    3.0598855018615723,
    1.5222160816192627,
    4.412844181060791,
    1.8652006387710571,
    1.4885437488555908,
    2.2961881160736084,
    7.608222007751465,
    0.7817285060882568,
    0.8090301156044006,
    3.5650417804718018,
    1.9314243793487549,
    2.9685659408569336,
    2.3165087699890137,
    2.1575376987457275,
    24.97722625732422,
    1.0804001092910767,
    6.486885070800781,
    1.2784404754638672
  ],
  "learning_rate": [
    0.0010000000474974513,
    0.0010000000474974513,
    0.0010000000474974513,
    0.0010000000474974513,
    0.0010000000474974513,
    0.0010000000474974513,
    0.0010000000474974513,
    0.0010000000474974513,
    0.0010000000474974513,
    0.0010000000474974513,
    0.0010000000474974513,
    0.0010000000474974513,
    0.0010000000474974513,
    0.0005000000237487257,
    0.0005000000237487257,
    0.0005000000237487257,
    0.0005000000237487257,
    0.0005000000237487257
  ]
}