{
  "hyperparameters": {
    "tile_h": 250,
    "tile_w": 250,
    "overlap": 0.8,
    "entropy_threshold": 1,
    "architecture": "3layer",
    "learning_rate": 0.001,
    "batch_size": 64,
    "classification_threshold": 0.4
  },
  "fold": 2,
  "metrics": {
    "tile_accuracy": 0.7086956521739131,
    "tile_f1": 0.8295165394402035,
    "tile_precision": 0.7086956521739131,
    "tile_recall": 1.0,
    "tile_auc": 0.3296859261972347,
    "img_accuracy": 0.5454545454545454,
    "img_f1": 0.7058823529411765,
    "img_precision": 0.5454545454545454,
    "img_recall": 1.0,
    "img_auc": 0.31666666666666665
  },
  "model_path": "models/saved/cnn_250x250_overlap0.8_entropy1.0_3layer_fold2.keras",
  "history_path": "models/saved/cnn_250x250_overlap0.8_entropy1.0_3layer_fold2_history.json"
}