{
  "hyperparameters": {
    "tile_h": 150,
    "tile_w": 150,
    "overlap": 0.8,
    "entropy_threshold": 3.0,
    "architecture": "5layer",
    "learning_rate": 0.001
  },
  "fold": 1,
  "metrics": {
    "accuracy": 0.6299342105263158,
    "f1": 0.5544554455445545,
    "precision": 0.7486631016042781,
    "recall": 0.44025157232704404,
    "auc": 0.734634569507699,
    "val_accuracy": 0.6299342105263158,
    "val_f1": 0.5544554455445545,
    "val_precision": 0.7486631016042781,
    "val_recall": 0.44025157232704404,
    "val_auc": 0.734634569507699
  },
  "model_path": "models/saved/cnn_150x150_overlap0.8_entropy3.0_5layer_fold1.keras",
  "history_path": "models/saved/cnn_150x150_overlap0.8_entropy3.0_5layer_fold1_history.json"
}