{
  "accuracy": [
    0.5563380122184753,
    0.5695422291755676,
    0.5906690359115601,
    0.6012324094772339,
    0.6373239159584045,
    0.658450722694397,
    0.6575704216957092,
    0.6663732528686523,
    0.6742957830429077,
    0.6672534942626953,
    0.6602112650871277,
    0.6742957830429077,
    0.6857394576072693,
    0.7112675905227661,
    0.7235915660858154,
    0.73591548204422,
    0.75,
    0.7552816867828369,
    0.7904929518699646,
    0.7588028311729431,
    0.7852112650871277,
    0.8080986142158508,
    0.8072183132171631,
    0.7957746386528015,
    0.8204225301742554
  ],
  "loss": [
    0.9706534743309021,
    0.8108741044998169,
    0.7489733695983887,
    0.7271476984024048,
    0.6917352080345154,
    0.6780321598052979,
    0.6967059969902039,
    0.7054403424263,
    0.6955626606941223,
    0.6810749173164368,
    0.7250500917434692,
    0.682810366153717,
    0.672713577747345,
    0.6144153475761414,
    0.6160174012184143,
    0.5758314728736877,
    0.6074655652046204,
    0.5555194020271301,
    0.5384371280670166,
    0.5563616752624512,
    0.47921597957611084,
    0.4642396867275238,
    0.46385401487350464,
    0.46933525800704956,
    0.43064823746681213
  ],
  "val_accuracy": [
    0.46302250027656555,
    0.46302250027656555,
    0.5144694447517395,
    0.40514469146728516,
    0.4662379324436188,
    0.520900309085846,
    0.5369774699211121,
    0.5369774699211121,
    0.5369774699211121,
    0.4823151230812073,
    0.5369774699211121,
    0.5401929020881653,
    0.5369774699211121,
    0.4887459874153137,
    0.49196141958236694,
    0.520900309085846,
    0.5337620377540588,
    0.5176848769187927,
    0.5401929020881653,
    0.5466237664222717,
    0.5369774699211121,
    0.5337620377540588,
    0.5241157412528992,
    0.5401929020881653,
    0.5852090120315552
  ],
  "val_loss": [
    0.7153853178024292,
    0.7105220556259155,
    0.6985028386116028,
    0.6973152160644531,
    0.698623538017273,
    0.6902999877929688,
    0.7377655506134033,
    1.0484932661056519,
    0.7141224145889282,
    0.7044581770896912,
    0.6984150409698486,
    0.6905057430267334,
    0.8663079142570496,
    0.8854706883430481,
    0.6800302863121033,
    1.1257187128067017,
    0.81223464012146,
    1.2812217473983765,
    1.068039894104004,
    1.494983196258545,
    2.6468920707702637,
    2.329373598098755,
    2.1803317070007324,
    1.3105125427246094,
    0.8810071349143982
  ],
  "learning_rate": [
    0.0010000000474974513,
    0.0010000000474974513,
    0.0010000000474974513,
    0.0010000000474974513,
    0.0010000000474974513,
    0.0010000000474974513,
    0.0010000000474974513,
    0.0010000000474974513,
    0.0010000000474974513,
    0.0010000000474974513,
    0.0010000000474974513,
    0.0005000000237487257,
    0.0005000000237487257,
    0.0005000000237487257,
    0.0005000000237487257,
    0.0005000000237487257,
    0.0005000000237487257,
    0.0005000000237487257,
    0.0005000000237487257,
    0.0005000000237487257,
    0.0002500000118743628,
    0.0002500000118743628,
    0.0002500000118743628,
    0.0002500000118743628,
    0.0002500000118743628
  ]
}