{
  "hyperparameters": {
    "tile_h": 200,
    "tile_w": 200,
    "overlap": 0.5,
    "entropy_threshold": 1.5,
    "architecture": "5layer",
    "learning_rate": 0.001,
    "batch_size": 64,
    "classification_threshold": 0.4
  },
  "fold": 2,
  "metrics": {
    "tile_accuracy": 0.7005649717514124,
    "tile_f1": 0.8239202657807309,
    "tile_precision": 0.7005649717514124,
    "tile_recall": 1.0,
    "tile_auc": 0.2807174376141205,
    "img_accuracy": 0.5454545454545454,
    "img_f1": 0.7058823529411765,
    "img_precision": 0.5454545454545454,
    "img_recall": 1.0,
    "img_auc": 0.16666666666666663
  },
  "model_path": "models/saved/cnn_200x200_overlap0.5_entropy1.5_5layer_fold2.keras",
  "history_path": "models/saved/cnn_200x200_overlap0.5_entropy1.5_5layer_fold2_history.json"
}