{
  "accuracy": [
    0.5613048076629639,
    0.5973003506660461,
    0.6074240803718567,
    0.642294704914093,
    0.6377952694892883,
    0.6344206929206848,
    0.6377952694892883,
    0.6647918820381165,
    0.6614173054695129,
    0.681664764881134,
    0.6884139776229858,
    0.7064117193222046,
    0.7502812147140503,
    0.7581552267074585,
    0.7570303678512573,
    0.7671540975570679,
    0.7986501455307007,
    0.7975252866744995,
    0.7885264158248901,
    0.8200225234031677,
    0.8222722411155701,
    0.8031495809555054,
    0.8571428656578064,
    0.8267716765403748,
    0.8503937125205994,
    0.84139484167099,
    0.880764901638031,
    0.8605174422264099,
    0.8683914542198181,
    0.8953880667686462,
    0.8773903250694275,
    0.8796400427818298,
    0.8987626433372498
  ],
  "loss": [
    1.1940165758132935,
    1.0443941354751587,
    1.026758074760437,
    1.045098066329956,
    0.9274605512619019,
    0.7990816235542297,
    0.7583109140396118,
    0.8036636114120483,
    0.721818745136261,
    0.7051746845245361,
    0.6644108891487122,
    0.597238302230835,
    0.5599459409713745,
    0.49779146909713745,
    0.5223568677902222,
    0.5098832249641418,
    0.49381956458091736,
    0.4570194482803345,
    0.4943414330482483,
    0.43697208166122437,
    0.41894423961639404,
    0.4057716131210327,
    0.35083794593811035,
    0.3814672529697418,
    0.33944693207740784,
    0.35340434312820435,
    0.2824673056602478,
    0.33675602078437805,
    0.29560092091560364,
    0.2522687315940857,
    0.28211310505867004,
    0.27701085805892944,
    0.23682914674282074
  ],
  "val_accuracy": [
    0.5521885752677917,
    0.5521885752677917,
    0.5521885752677917,
    0.5521885752677917,
    0.4107744097709656,
    0.5521885752677917,
    0.4915824830532074,
    0.4276094138622284,
    0.4747474789619446,
    0.49494948983192444,
    0.4141414165496826,
    0.5824915766716003,
    0.5993266105651855,
    0.5791245698928833,
    0.5925925970077515,
    0.5791245698928833,
    0.6464646458625793,
    0.5387205481529236,
    0.5757575631141663,
    0.5723905563354492,
    0.6498316526412964,
    0.680134654045105,
    0.7340067625045776,
    0.6565656661987305,
    0.6296296119689941,
    0.6094276309013367,
    0.6329966187477112,
    0.4983164966106415,
    0.5993266105651855,
    0.7643097639083862,
    0.7070707082748413,
    0.4579124450683594,
    0.6734007000923157
  ],
  "val_loss": [
    1.6835930347442627,
    2.2415080070495605,
    2.165463924407959,
    6.438015460968018,
    1.1299065351486206,
    5.684660911560059,
    0.7569987773895264,
    0.9383023977279663,
    0.9894902110099792,
    1.1712740659713745,
    1.808398723602295,
    3.239489793777466,
    0.8394896388053894,
    1.4788650274276733,
    3.380244731903076,
    2.378873348236084,
    0.6076129674911499,
    6.019491195678711,
    3.6201491355895996,
    1.5554763078689575,
    2.441951274871826,
    0.9829859733581543,
    0.5163081288337708,
    0.9814048409461975,
    1.4165152311325073,
    2.6061770915985107,
    1.9285334348678589,
    2.1889398097991943,
    1.1661016941070557,
    0.6208873987197876,
    0.6472625732421875,
    2.2193918228149414,
    0.7893283367156982
  ],
  "learning_rate": [
    0.0010000000474974513,
    0.0010000000474974513,
    0.0010000000474974513,
    0.0010000000474974513,
    0.0010000000474974513,
    0.0010000000474974513,
    0.0010000000474974513,
    0.0010000000474974513,
    0.0010000000474974513,
    0.0010000000474974513,
    0.0010000000474974513,
    0.0010000000474974513,
    0.0005000000237487257,
    0.0005000000237487257,
    0.0005000000237487257,
    0.0005000000237487257,
    0.0005000000237487257,
    0.0005000000237487257,
    0.0005000000237487257,
    0.0005000000237487257,
    0.0005000000237487257,
    0.0005000000237487257,
    0.0002500000118743628,
    0.0002500000118743628,
    0.0002500000118743628,
    0.0002500000118743628,
    0.0002500000118743628,
    0.0002500000118743628,
    0.0001250000059371814,
    0.0001250000059371814,
    0.0001250000059371814,
    0.0001250000059371814,
    0.0001250000059371814
  ]
}