{
  "accuracy": [
    0.6505269408226013,
    0.681287407875061,
    0.7094844579696655,
    0.7527769804000854,
    0.7673027515411377,
    0.7917972207069397,
    0.7952150106430054,
    0.8168612718582153,
    0.845628023147583,
    0.8644260764122009,
    0.88094562292099,
    0.8792366981506348,
    0.8752492070198059,
    0.8903446197509766,
    0.8960410356521606,
    0.9057248830795288,
    0.9168328046798706,
    0.9176872968673706,
    0.9139845967292786,
    0.9230988025665283
  ],
  "loss": [
    0.6474950909614563,
    0.5725312232971191,
    0.5536947250366211,
    0.49431970715522766,
    0.4707958996295929,
    0.43863144516944885,
    0.4290788471698761,
    0.3900243937969208,
    0.34497761726379395,
    0.3053029179573059,
    0.2844443619251251,
    0.2778032422065735,
    0.2811128497123718,
    0.25429660081863403,
    0.24206480383872986,
    0.22188043594360352,
    0.2105519026517868,
    0.20325399935245514,
    0.20624934136867523,
    0.18190671503543854
  ],
  "val_accuracy": [
    0.4906122386455536,
    0.4881632626056671,
    0.5142857432365417,
    0.541224479675293,
    0.4767346978187561,
    0.4906122386455536,
    0.4889795780181885,
    0.5665305852890015,
    0.4840816259384155,
    0.5991836786270142,
    0.4897959232330322,
    0.5771428346633911,
    0.5575510263442993,
    0.4906122386455536,
    0.4938775599002838,
    0.4963265359401703,
    0.6269387602806091,
    0.635918378829956,
    0.668571412563324,
    0.5812245011329651
  ],
  "val_loss": [
    1.0193634033203125,
    1.3680168390274048,
    0.7174310088157654,
    0.8586758375167847,
    4.047362327575684,
    6.435569763183594,
    1.6351168155670166,
    3.1524014472961426,
    13.3709077835083,
    0.6866268515586853,
    17.788223266601562,
    2.928466320037842,
    5.196462631225586,
    10.411844253540039,
    14.685154914855957,
    5.597363471984863,
    2.3078529834747314,
    1.0641320943832397,
    1.1723631620407104,
    3.692934513092041
  ],
  "learning_rate": [
    0.0010000000474974513,
    0.0010000000474974513,
    0.0010000000474974513,
    0.0010000000474974513,
    0.0010000000474974513,
    0.0010000000474974513,
    0.0010000000474974513,
    0.0010000000474974513,
    0.0005000000237487257,
    0.0005000000237487257,
    0.0005000000237487257,
    0.0005000000237487257,
    0.0005000000237487257,
    0.0005000000237487257,
    0.0005000000237487257,
    0.0002500000118743628,
    0.0002500000118743628,
    0.0002500000118743628,
    0.0002500000118743628,
    0.0002500000118743628
  ]
}