{
  "hyperparameters": {
    "tile_h": 200,
    "tile_w": 200,
    "overlap": 0.5,
    "entropy_threshold": 2.0,
    "architecture": "3layer",
    "learning_rate": 0.001,
    "batch_size": 32
  },
  "fold": 3,
  "metrics": {
    "accuracy": 0.5024154589371981,
    "f1": 0.6688102893890675,
    "precision": 0.5024154589371981,
    "recall": 1.0,
    "auc": 0.3543222554144884,
    "val_accuracy": 0.5024154589371981,
    "val_f1": 0.6688102893890675,
    "val_precision": 0.5024154589371981,
    "val_recall": 1.0,
    "val_auc": 0.3543222554144884
  },
  "model_path": "models/saved/cnn_200x200_overlap0.5_entropy2.0_3layer_fold3.keras",
  "history_path": "models/saved/cnn_200x200_overlap0.5_entropy2.0_3layer_fold3_history.json"
}