{
  "accuracy": [
    0.5856369137763977,
    0.6420632600784302,
    0.6688515543937683,
    0.6888002157211304,
    0.7064690589904785,
    0.7429466843605042,
    0.7520661354064941,
    0.7959532737731934,
    0.8136221170425415,
    0.8358506560325623,
    0.8518096208572388,
    0.8697634935379028
  ],
  "loss": [
    0.6964267492294312,
    0.614915668964386,
    0.5877854228019714,
    0.5588735342025757,
    0.5437565445899963,
    0.5113920569419861,
    0.4844017028808594,
    0.41418910026550293,
    0.39506977796554565,
    0.3605986535549164,
    0.3342571556568146,
    0.3082859516143799
  ],
  "val_accuracy": [
    0.2624287009239197,
    0.41075795888900757,
    0.3773431181907654,
    0.4009779989719391,
    0.2991034984588623,
    0.3455582857131958,
    0.34881824254989624,
    0.7318663597106934,
    0.47677260637283325,
    0.7506112456321716,
    0.2893235385417938,
    0.5150774121284485
  ],
  "val_loss": [
    0.8290744423866272,
    0.7788651585578918,
    0.9136660695075989,
    1.387467384338379,
    2.3677401542663574,
    1.7648911476135254,
    1.5331541299819946,
    1.1050840616226196,
    1.5933300256729126,
    2.6204774379730225,
    5.342408180236816,
    2.9363791942596436
  ],
  "learning_rate": [
    0.0010000000474974513,
    0.0010000000474974513,
    0.0010000000474974513,
    0.0010000000474974513,
    0.0010000000474974513,
    0.0010000000474974513,
    0.0010000000474974513,
    0.0005000000237487257,
    0.0005000000237487257,
    0.0005000000237487257,
    0.0005000000237487257,
    0.0005000000237487257
  ]
}