{
  "hyperparameters": {
    "tile_h": 200,
    "tile_w": 200,
    "overlap": 0.5,
    "entropy_threshold": 2.0,
    "architecture": "3layer",
    "learning_rate": 0.001,
    "batch_size": 32
  },
  "fold": 4,
  "metrics": {
    "accuracy": 0.4919614147909968,
    "f1": 0.6308411214953271,
    "precision": 0.5172413793103449,
    "recall": 0.8083832335329342,
    "auc": 0.5923153692614771,
    "val_accuracy": 0.4919614147909968,
    "val_f1": 0.6308411214953271,
    "val_precision": 0.5172413793103449,
    "val_recall": 0.8083832335329342,
    "val_auc": 0.5923153692614771
  },
  "model_path": "models/saved/cnn_200x200_overlap0.5_entropy2.0_3layer_fold4.keras",
  "history_path": "models/saved/cnn_200x200_overlap0.5_entropy2.0_3layer_fold4_history.json"
}